name,typ,zone,netcap,seg1,seg2,seg3,mincap,ramp,minu,mind,var_om,no_load,st_cost,CO2Tax,NOXTax,SO2Tax,PMTax
AGRICO_6_PL3N5,ngct,PGE_valley,22.69,2.024087173,2.154136697,2.219161459,8,23,1,1,3.17,9.589041096,1588.3,34.57236359,1.407798616,0.116797059,1.258577
AGRICO_7_UNIT,ngcc,PGE_valley,50.6,2.350735707,2.872627186,3.133572926,21,51,4,4,2,23.24723247,3542,34.57236359,1.407798616,0.116797059,1.258577
ALAMIT_7_UNIT1,ngst,SCE,174.56,10.74888158,12.15879372,12.86374978,70,175,6,6,2,36.19631902,12219.2,49.52205271,9.636293636,0.985143917,12.63779
ALAMIT_7_UNIT2,ngst,SCE,175,10.74888158,12.15879372,12.86374978,70,175,6,6,2,36.3190184,12250,50.52708014,7.556526126,1.005193773,12.63779
ALAMIT_7_UNIT3,ngst,SCE,332.18,10.74888158,12.15879372,12.86374978,133,333,6,6,2,68.95705521,23252.6,41.14429528,10.00710145,0.818437154,12.63779
ALAMIT_7_UNIT4,ngst,SCE,335.67,10.74888158,12.15879372,12.86374978,135,336,6,6,2,69.69325153,23496.9,41.25596261,6.150999921,0.820647041,12.63779
ALAMIT_7_UNIT5,ngst,SCE,497.97,10.74888158,12.15879372,12.86374978,200,498,6,6,2,103.3128834,34857.9,38.45972333,9.579250043,0.764984983,12.63779
ALAMIT_7_UNIT6,ngst,SCE,495,10.74888158,12.15879372,12.86374978,198,495,6,6,2,102.6993865,34650,44.56961963,5.854833072,0.886452565,12.63779
ALMEGT_1_UNIT_1,ngct,PGE_bay,23.8,13.07720851,13.20725803,13.2722828,9,24,1,1,3.17,10.02739726,1666,37.81452,52.97915,1.337112,4.983456
ALMEGT_1_UNIT_2,ngct,PGE_bay,25.4,13.07720851,13.20725803,13.2722828,9,26,1,1,3.17,10.68493151,1778,37.81452,52.97915,1.337112,4.983456
ANAHM_2_CANYN1,ngct,SCE,49.4,8.725672398,8.855721923,8.920746685,18,50,1,1,3.17,20.82191781,3458,22.11720137,1.221395604,0.173113203,5.50648
ANAHM_2_CANYN2,ngct,SCE,49.4,8.725672398,8.855721923,8.920746685,18,50,1,1,3.17,20.82191781,3458,22.16196716,1.151762076,0.173456312,5.50648
ANAHM_2_CANYN3,ngct,SCE,49.4,8.725672398,8.855721923,8.920746685,18,50,1,1,3.17,20.82191781,3458,23.05175976,1.108116617,0.180381773,5.50648
ANAHM_2_CANYN4,ngct,SCE,49.4,8.725672398,8.855721923,8.920746685,18,50,1,1,3.17,20.82191781,3458,22.742547,1.325425923,0.177953364,5.50648
ANAHM_7_CT,ngct,SCE,42.81,7.058933726,7.188983251,7.254008013,15,43,1,1,3.17,18.08219178,2996.7,23.59971624,3.434124873,0.184665631,5.50648
ARCOGN_2_UNITS,ngcc,SCE,416.6,3.951724837,4.473616316,4.734562056,167,417,5,5,2,191.5129151,29162,14.12656165,63.0161155,1.27005,12.62517
BARRE_6_PEAKER,ngct,SCE,47,8.197102596,8.32715212,8.392176882,17,47,1,1,3.17,19.7260274,3290,19.62114862,1.447923155,0.153542697,5.50648
BASICE_2_UNITS,ngcc,PGE_valley,135,5.493519687,6.015411167,6.276356906,54,135,5,5,2,61.99261993,9450,20.4276227,3.841799754,0.146367994,4.547334
BDGRCK_1_UNITS,ngct,PGE_valley,47.49,4.831307278,4.961356802,5.026381564,17,48,1,1,3.17,20,3324.3,22.95840278,49.57590287,0.033086747,1.413492
BEARMT_1_UNIT,ngct,PGE_valley,47.49,4.785540901,4.915590425,4.980615187,17,48,1,1,3.17,20,3324.3,21.41505544,55.52971916,0.030801883,1.413492
BOGUE_1_UNITA1,ngct,PGE_valley,46.3,10.34803845,10.47808797,10.54311274,17,47,1,1,3.17,19.45205479,3241,24.74413441,5.964040593,0.065172033,1.172481
BORDER_6_UNITA1,ngct,SDGE,51.25,9.020221119,9.150270643,9.215295405,6,52,1,1,3.17,21.64383562,3587.5,27.76295616,1.693956,0.2969155,4.557959
BRDWAY_7_UNIT3,ngst,SCE,65,9.244798906,10.65471104,11.35966711,26,65,6,6,2,13.49693252,4550,30.04444259,13.34145,0,12.63779
BUCKBL_2_PL1X3,ngcc,SCE,493.63,5.8417542,6.36364568,6.62459142,198,494,1,1,2,226.9372694,34554.1,28.47555532,1.01645714,0.233981527,2.940709
CALPIN_1_AGNEW,ngcc,PGE_valley,28,7.936631618,8.458523097,8.719468837,12,28,5,5,2,12.91512915,1960,24.0804703,33.6301515,0.9456085,4.542792
CENTER_6_PEAKER,ngct,SCE,47,10.17944982,10.30949935,10.37452411,17,47,1,1,3.17,19.7260274,3290,23.79519853,6.331843276,0.47338997,12.63779
CENTRY_6_PL1X4,ngct,SCE,41.4,13.83214398,13.9621935,14.02721826,15,42,1,1,3.17,17.53424658,2898,39.71088739,30.340449,0.3872175,1.338059
CHALK_1_UNIT,ngct,PGE_valley,47.49,5.221407311,5.351456835,5.416481597,17,48,1,1,3.17,20,3324.3,18.08013521,12.558915,0.140852,1.413492
CHEVCD_6_UNIT,ngct,PGE_valley,11.5,3.225819453,3.355868978,3.42089374,5,12,1,1,3.17,4.931506849,805,13.06709746,9.1837775,0.104108,1.413492
CHEVCO_6_UNIT_2,ngcc,PGE_valley,12.5,3.511100972,4.032992452,4.293938192,5,13,6,6,2,5.904059041,875,12.9631669,8.8833525,0.23004,1.25732
CHEVCO_6_UNIT1,ngct,PGE_valley,19,3.184452438,3.314501962,3.379526724,7,19,1,1,3.17,7.945205479,1330,12.9631669,8.8833525,0.23004,1.25732
CHINO_6_CIMGEN,ngct,SCE,31.6,4.81423351,4.944283035,5.009307797,12,32,1,1,3.17,13.42465753,2212,17.05729171,12.948463,0.167035,1.338059
CHWCHL_1_UNIT,ngct,PGE_valley,48.6,8.395354373,8.525403897,8.59042866,18,49,1,1,3.17,20.54794521,3402,26.05334571,123.4397483,0.3841365,1.163148
COCOPP_2_CTG1,ngct,PGE_bay,204.2,9.784236066,9.914285591,9.979310353,72,205,1,1,3.17,86.08219178,14294,24.97333612,1.156388265,0.209212157,7.069397
COCOPP_2_CTG2,ngct,PGE_bay,202.7,9.784236066,9.914285591,9.979310353,71,203,1,1,3.17,85.45205479,14189,25.13365911,1.091459979,0.21055669,7.069397
COCOPP_2_CTG3,ngct,PGE_bay,208.96,9.784236066,9.914285591,9.979310353,74,209,1,1,3.17,88.08219178,14627.2,25.18573184,1.233885908,0.210981091,7.069397
COCOPP_2_CTG4,ngct,PGE_bay,204.29,9.784236066,9.914285591,9.979310353,72,205,1,1,3.17,86.10958904,14300.3,25.5576339,1.159682365,0.21412309,7.069397
COLGA1_6_SHELLW,ngct,PGE_valley,52.9,3.452865876,3.582915401,3.647940163,19,53,1,1,3.17,22.19178082,3703,13.63744758,9.4737195,0.2444175,1.25732
COLTON_6_AGUAM1,ngct,SCE,43,9.023959992,9.154009516,9.219034278,16,43,1,1,3.17,18.08219178,3010,22.51151856,1.273032362,0.040073215,1.339397
COLUSA_2_PL1X3,ngct,PGE_valley,641,5.243520848,5.373570373,5.438595135,225,641,1,1,3.17,270.1369863,44870,19.35612784,0.505959922,0.05506281,1.192814
CORONS_6_CLRWTR,ngcc,SCE,28,5.41227434,5.934165819,6.195111559,12,28,4,4,2,12.91512915,1960,17.73905127,21.650994,0.804517,2.937772
CROKET_7_UNIT,ngcc,PGE_bay,240,4.339491076,4.861382555,5.122328295,96,240,5,5,2,110.2583026,16800,15.04414213,27.3615615,0.677616,7.062336
CSCCOG_1_UNIT_1,ngct,PGE_bay,7,7.095723572,7.225773096,7.290797858,3,7,1,1,3.17,2.931506849,490,22.78864523,31.701015,0.8846015,4.542792
CSCGNR_1_UNIT_1,ngct,PGE_bay,24.75,12.64910287,12.77915239,12.84417715,9,25,1,1,3.17,10.4109589,1732.5,36.73889457,51.1164765,1.4336645,4.542792
CSCGNR_1_UNIT_2,ngct,PGE_bay,24.75,12.64910287,12.77915239,12.84417715,9,25,1,1,3.17,10.4109589,1732.5,36.73889457,51.1164765,1.4336645,4.542792
DELTA_2_PL1X4,ngcc,PGE_bay,880,5.51198883,6.03388031,6.294826049,352,880,4,4,2,404.3542435,61600,18.53685157,1.267566368,0.155298888,7.069397
DEXZEL_1_UNIT,ngct,PGE_valley,36.8,5.263604961,5.393654485,5.458679247,13,37,1,1,3.17,15.61643836,2576,18.1861289,12.7007275,0.140852,1.413492
DISCOV_1_CHEVRN,ngct,PGE_valley,56.2,3.015346928,3.145396452,3.210421214,20,57,1,1,3.17,23.56164384,3934,12.53837545,8.75834,0.097984,1.413492
DIVSON_6_NSQF,ngcc,SDGE,47,8.769799815,9.291691295,9.552637034,19,47,6,6,2,21.77121771,3290,26.1734805,43.891364,1.3997445,4.553406
DOUBLC_1_UNITS,ngct,PGE_valley,52.23,8.375192418,8.505241943,8.570266705,19,53,1,1,3.17,21.91780822,3656.1,26.00262691,18.0669125,0.202092,1.413492
DREWS_6_PL1X4,ngct,SCE,41.4,19.49899086,19.62904038,19.69406515,15,42,1,1,3.17,17.53424658,2898,53.94632253,41.501642,0.5238825,1.338059
DUANE_1_PL1X3,ngcc,PGE_bay,147.8,6.294328319,6.816219799,7.077165539,60,148,2,2,2,67.89667897,10346,19.70162389,0.716272588,0.14118545,4.547334
ELCAJN_6_LM6K,ngct,SDGE,48.1,9.24409192,9.374141445,9.439166207,16,49,1,1,3.17,20.2739726,3367,20.92635615,1.961219564,0.208515272,4.557959
ELCAJN_6_UNITA1,ngct,SDGE,45.42,9.379003863,9.509053388,9.57407815,6,46,1,1,3.17,19.17808219,3179.4,28.55618962,1.762816,0.2969155,4.557959
ELCAJN_7_GT1,ngct,SDGE,16.36,17.08549966,17.21554918,17.28057395,9,17,1,1,3.17,6.849315068,1145.2,47.88413629,0,0,4.553406
ELKHIL_2_PL1X3,ngcc,PGE_valley,551.7,3.959884309,4.481775788,4.742721528,221,552,2,2,2,253.5055351,38619,14.32776055,0.170175,0.018372,1.414905
ELSEGN_2_UN1011,ngcc,SCE,263,6.881545995,7.403437474,7.664383214,106,263,1,1,2,121.0332103,18410,20.46659666,1.739733974,0.407067959,12.63779
ELSEGN_2_UN2021,ngcc,SCE,263.68,6.881545995,7.403437474,7.664383214,106,264,1,1,2,121.0332103,18457.6,20.0798529,2.340815215,0.399379923,12.63779
ESCNDO_6_PL1X2,ngct,SDGE,48.71,8.528303197,8.658352721,8.723377484,38,49,1,1,3.17,20.54794521,3409.7,20.53786302,1.081914548,0.204659613,4.557959
ESCNDO_6_UNITB1,ngct,SDGE,48.04,8.848529643,8.978579167,9.043603929,13,49,1,1,3.17,20.2739726,3362.8,27.22611054,2.024484,0.2969155,4.557959
ESCO_6_GLMQF,ngct,SDGE,49.9,5.422020677,5.552070201,5.617094963,113,50,1,1,3.17,21.09589041,3493,20.27994502,2.174122289,0.202140072,4.557959
ETIWND_2_UNIT1,ngct,SCE,33.6,3.775944446,3.90599397,3.971018732,12,34,1,1,3.17,14.24657534,2352,14.44903436,10.963977,0.136665,1.338059
ETIWND_6_GRPLND,ngct,SCE,46,10.84404265,10.97409218,11.03911694,17,46,1,1,3.17,19.45205479,3220,23.97127444,0.878079588,0.042748812,1.339397
ETIWND_7_UNIT3,ngst,SCE,320,10.55984336,11.96975549,12.67471156,128,320,6,6,2,66.3803681,22400,45.66432908,0.638698191,0.081451581,1.339397
ETIWND_7_UNIT4,ngst,SCE,320,10.55984336,11.96975549,12.67471156,128,320,6,6,2,66.3803681,22400,42.10803848,0.564195533,0.075103492,1.339397
FRITO_1_LAY,ngct,PGE_valley,6,5.073133592,5.203183116,5.268207878,3,6,1,1,3.17,2.465753425,420,17.70765289,12.5192075,0.140852,1.413492
GATWAY_2_PL1X3,ngcc,PGE_bay,562.5,5.711155774,6.233047253,6.493992993,225,563,1,1,2,258.4870849,39375,19.18819488,1.803025729,0.160751914,7.069397
GILROY_1_UNIT,ngcc,PGE_bay,120,10.16810968,10.69000116,10.9509469,48,120,6,6,2,55.12915129,8400,23.14685751,4.27629206,0.165786523,4.547334
GILRPP_1_PL1X2,ngct,PGE_bay,95.4,9.841461144,9.971510668,10.03653543,34,96,1,1,3.17,40.21917808,6678,22.12786091,5.34355242,0.158551092,4.547334
GILRPP_1_PL3X4,ngct,PGE_bay,46.2,9.841461144,9.971510668,10.03653543,17,47,1,1,3.17,19.45205479,3234,28.95424625,6.627374711,0.20759767,4.547334
GLNARM_7_UNIT1,ngct,SCE,22.07,5.337895976,5.467945501,5.532970263,8,23,1,1,3.17,9.315068493,1544.9,24.98311453,10.79230951,0.489299463,12.63779
GLNARM_7_UNIT2,ngct,SCE,22.3,5.337895976,5.467945501,5.532970263,8,23,1,1,3.17,9.315068493,1561,27.94240616,14.39844861,0.555883951,12.63779
GLNARM_7_UNIT3,ngct,SCE,44.83,5.337895976,5.467945501,5.532970263,16,45,1,1,3.17,18.90410959,3138.1,24.76158512,14.54718354,0.492652395,12.63779
GLNARM_7_UNIT4,ngct,SCE,42.42,5.337895976,5.467945501,5.532970263,15,43,1,1,3.17,17.80821918,2969.4,22.24535231,3.43129642,0.419362043,12.63779
GOLETA_6_ELLWOD,ngct,SCE,54,12.47225208,12.60230161,12.66732637,19,54,1,1,3.17,22.73972603,3780,36.29467524,26.402571,0.836119,1.453057
GOLETA_6_EXGEN,ngct,SCE,48.2,8.486745027,8.616794551,8.681819313,17,49,1,1,3.17,20.2739726,3374,26.28351451,19.0032,0,1.453057
GOLETA_6_GAVOTA,ngct,SCE,9.9,5.654493785,5.78454331,5.849568072,4,10,1,1,3.17,4.109589041,693,19.16783859,13.65855,0,1.453057
GRNLF1_1_UNITS,ngcc,PGE_valley,49.5,5.156251455,5.678142934,5.939088674,20,50,6,6,2,22.87822878,3465,24.04359171,6.536521845,0.063334796,1.172481
GRNLF2_1_UNIT,ngct,PGE_valley,63.75,4.829602921,4.959652445,5.024677207,23,64,1,1,3.17,26.84931507,4462.5,24.04359171,6.536521845,0.063334796,1.172481
GRZZLY_1_BERKLY,ngct,PGE_valley,32.5,3.692416952,3.822466476,3.887491238,12,33,1,1,3.17,13.69863014,2275,14.23921756,20.00315,0.501417,4.983456
HARBGN_7_UNITS,ngcc,SCE,109.01,13.08431133,13.60620281,13.86714855,44,110,4,4,2,50.18450185,7630.7,28.38209089,17.19583048,0.635803964,12.63779
HENRTA_6_UNITA1,ngct,PGE_valley,49.98,8.507629667,8.637679191,8.702703954,18,50,1,1,3.17,21.09589041,3498.6,20.14401648,0.769821353,0.063092057,1.234983
HENRTA_6_UNITA2,ngct,PGE_valley,49.42,8.507629667,8.637679191,8.702703954,18,50,1,1,3.17,20.82191781,3459.4,19.48055224,0.802615217,0.061030852,1.234983
HIDSRT_2_UNITS,ngcc,SCE,830,5.836556925,6.358448405,6.619394144,332,830,4,4,2,381.5498155,58100,23.12240073,0.875120115,0.041238664,1.339397
HINSON_6_LBECH1,ngct,SCE,65,15.70419907,15.83424859,15.89927336,23,65,1,1,3.17,27.39726027,4550,33.60642832,37.25404238,0.668308777,12.63779
HINSON_6_LBECH2,ngct,SCE,65,15.70419907,15.83424859,15.89927336,23,65,1,1,3.17,27.39726027,4550,33.62740355,34.46520793,0.66855432,12.63779
HINSON_6_LBECH3,ngct,SCE,65,15.70419907,15.83424859,15.89927336,23,65,1,1,3.17,27.39726027,4550,38.40614622,47.04519912,0.763714933,12.63779
HINSON_6_LBECH4,ngct,SCE,65,15.70419907,15.83424859,15.89927336,23,65,1,1,3.17,27.39726027,4550,39.29546602,50.41431549,0.781614171,12.63779
HNTGBH_7_UNIT1,ngst,SCE,225.75,9.258355271,10.66826741,11.37322347,91,226,6,6,2,46.87116564,15802.5,30.07818349,2.1296275,0.2331805,5.50648
HNTGBH_7_UNIT2,ngst,SCE,225.8,9.258355271,10.66826741,11.37322347,91,226,6,6,2,46.87116564,15806,30.07818349,2.1296275,0.2331805,5.50648
HOLGAT_1_BORAX,ngct,SCE,48.2,3.418642756,3.54869228,3.613717042,17,49,1,1,3.17,20.2739726,3374,13.55148351,9.43904,0.104108,1.413492
HUMBPP_1_UNITS3,ngct,PGE_valley,65.08,6.810252512,6.940302036,7.005326798,23,66,1,1,3.17,27.39726027,4555.6,22.07148997,34.329031,0.106799,0.247253
HUMBPP_6_UNITS,ngct,PGE_valley,97.62,6.810252512,6.940302036,7.005326798,35,98,1,1,3.17,41.09589041,6833.4,22.07148997,34.329031,0.106799,0.247253
INDIGO_1_UNIT1,ngct,SCE,44,8.750447781,8.880497305,8.945522067,16,44,1,1,3.17,18.63013699,3080,18.7601196,1.752760534,0.154162947,2.940709
INDIGO_1_UNIT2,ngct,SCE,44.53,8.750447781,8.880497305,8.945522067,16,45,1,1,3.17,18.90410959,3117.1,17.62766547,2.101915789,0.144799068,2.940709
INDIGO_1_UNIT3,ngct,SCE,43.69,8.750447781,8.880497305,8.945522067,16,44,1,1,3.17,18.35616438,3058.3,17.80275924,2.06941847,0.146289174,2.940709
INLDEM_5_UNIT1,ngcc,SCE,376.2,5.624876914,6.146768393,6.407714133,151,377,2,2,2,172.6937269,26334,18.5809189,0.44631,0.139916,2.940709
INLDEM_5_UNIT2,ngcc,SCE,366.32,5.624876914,6.146768393,6.407714133,147,367,1,1,2,168.2656827,25642.4,18.5809189,0.44631,0.139916,2.940709
KELSO_2_UNITS,ngct,PGE_bay,196,8.809373699,8.939423223,9.004447985,69,196,1,1,3.17,82.63013699,13720,20.66362631,1.39964113,0.155475483,4.988439
KERNFT_1_UNITS,ngct,PGE_valley,52.4,8.439869691,8.569919215,8.634943977,19,53,1,1,3.17,22.19178082,3668,26.165099,18.1803625,0.202092,1.413492
KERNRG_1_UNITS,ngct,PGE_valley,55.2,3.82928268,3.959332204,4.024356966,20,56,1,1,3.17,23.28767123,3864,14.58303086,10.23319,0.116356,1.413492
KINGCO_1_KINGBR,ngct,PGE_valley,34.5,7.827778547,7.957828071,8.022852833,13,35,1,1,3.17,14.52054795,2415,33.31589125,1.55578413,0.112571512,1.258577
KNGCTY_6_UNITA1,ngct,PGE_valley,44.6,2.024087173,2.154136697,2.219161459,16,45,1,1,3.17,18.90410959,3122,25.51639264,3.04587886,0.07569445,1.018351
LAPLMA_2_UNIT1,ngcc,PGE_valley,259.8,5.880761269,6.402652749,6.663598489,104,260,3,3,2,119.5571956,18186,19.83232581,0.995872609,0.028531104,1.414905
LAPLMA_2_UNIT2,ngcc,PGE_valley,260.2,5.880761269,6.402652749,6.663598489,105,261,3,3,2,119.5571956,18214,19.83700225,1.027794035,0.028537228,1.414905
LAPLMA_2_UNIT3,ngcc,PGE_valley,256.15,5.880761269,6.402652749,6.663598489,103,257,3,3,2,117.7121771,17930.5,20.53042283,1.187943459,0.029534215,1.414905
LAPLMA_2_UNIT4,ngcc,PGE_valley,259.54,5.880761269,6.402652749,6.663598489,104,260,2,2,2,119.1881919,18167.8,20.50837734,1.143328679,0.029502982,1.414905
LARKSP_6_UNIT1,ngct,SDGE,46.1,8.368615195,8.49866472,8.563689482,22,47,1,1,3.17,19.45205479,3227,18.11604885,2.899789627,0.180511899,4.557959
LARKSP_6_UNIT2,ngct,SDGE,47.98,8.368615195,8.49866472,8.563689482,18,48,1,1,3.17,20.2739726,3358.6,17.50171521,3.011828978,0.174429373,4.557959
LEBECS_2_UNITS,ngcc,SCE,799.47,5.514806379,6.036697859,6.297643599,320,800,3,3,2,367.5276753,55962.9,18.93335439,0.512416212,0.02723649,1.414905
LECEF_1_UNITS,ngct,PGE_bay,294,6.426142527,6.556192051,6.621216813,103,294,1,1,3.17,123.9452055,20580,19.79767799,0.797009771,0.141874829,4.547334
LGHTHP_6_ICEGEN,ngct,SCE,48,7.024087173,7.154136697,7.219161459,17,48,1,1,3.17,20.2739726,3360,23.24408288,255.4016034,0.462459073,12.63779
LMBEPK_2_UNITA1,ngct,PGE_valley,48,10.21470306,10.34475258,10.40977734,17,48,1,1,3.17,20.2739726,3360,22.71127757,2.791741633,0.137261263,4.476259
LMBEPK_2_UNITA2,ngct,PGE_bay,48,10.88081145,11.01086098,11.07588574,17,48,1,1,3.17,20.21917808,3360,22.20327289,2.768601941,0.13416116,4.476259
LMBEPK_2_UNITA3,ngct,PGE_bay,48,10.14291093,10.27296045,10.33798522,17,48,1,1,3.17,20.21917808,3360,22.43000313,2.992851739,0.135545272,4.476259
LMEC_1_PL1X3,ngcc,PGE_bay,561.29,4.969948925,5.491840405,5.752786144,225,562,4,4,2,257.896679,39290.3,17.28811384,0.777797393,0.144831504,7.069397
LODI25_2_UNIT1,ngct,PGE_valley,25.3,14.12288442,14.25293395,14.31795871,9,26,1,1,3.17,10.68493151,1771,40.44115217,61.144535,1.2335625,3.378912
LODIEC_2_PL1X2,ngcc,PGE_valley,302.58,5.447278983,5.969170463,6.230116203,122,303,1,1,2,139.1143911,21180.6,26.84922257,0.878458774,0.152550563,3.38229
MALAGA_1_PL1X2,ngcc,PGE_valley,96,8.868197786,9.390089265,9.651035005,39,96,2,2,2,44.2804428,6720,20.31216006,0.904843248,0.068592177,1.258577
METEC_2_PL1X3,ngcc,PGE_bay,593.16,5.691609889,6.213501369,6.474447109,238,594,2,2,2,272.5461255,41521.2,18.97308699,1.032455804,0.13595715,4.547334
MIDSET_1_UNIT1,ngct,PGE_valley,52.9,7.088028032,7.218077557,7.283102319,19,53,1,1,3.17,22.19178082,3703,22.76973314,15.883,0,1.413492
MIRLOM_6_DELGEN,ngct,SCE,50.05,8.024784445,8.15483397,8.219858732,18,51,1,1,3.17,21.09589041,3503.5,25.12299956,31.7376,0,2.937772
MIRLOM_6_PEAKER,ngct,SCE,46,8.200778241,8.330827765,8.395852527,17,46,1,1,3.17,19.45205479,3220,18.96653867,0.784469781,0.033826865,1.339397
MKTRCK_1_UNIT1,ngct,PGE_valley,47.49,4.189099511,4.319149035,4.384173797,17,48,1,1,3.17,20,3324.3,20.47361562,61.5418601,0.02939275,1.413492
MNDALY_6_MCGRTH,ngct,SCE,47.2,8.056221403,8.186270927,8.251295689,17,48,1,1,3.17,20,3304,19.67338469,0.696225139,0.086176664,2.061651
MNDALY_7_UNIT1,ngst,SCE,215,8.690525499,10.10043763,10.8053937,86,215,6,6,2,44.66257669,15050,28.81229808,0.20387671,0.126214429,2.061651
MNDALY_7_UNIT2,ngst,SCE,215.29,8.690525499,10.10043763,10.8053937,87,216,6,6,2,44.66257669,15070.3,28.06920316,0.235951603,0.122966209,2.061651
MNDALY_7_UNIT3,ngct,SCE,130,9.231687513,9.361737038,9.4267618,46,130,1,1,3.17,54.79452055,9100,28.44075062,0.219914156,0.124590319,2.061651
MOSSLD_2_PSP1,ngcc,PGE_valley,510,5.622580997,6.144472477,6.405418217,204,510,3,3,2,234.3173432,35700,17.64543639,0.275697,0.0505,0.3967329
MOSSLD_7_UNIT6,ngst,PGE_valley,754,4.754770448,6.164682583,6.86963865,302,754,6,6,2,156.5644172,52780,17.64543639,0.275697,0.0505,0.3967329
MOSSLD_7_UNIT7,ngst,PGE_valley,755,4.754770448,6.164682583,6.86963865,302,755,6,6,2,156.6871166,52850,17.64543639,0.275697,0.0505,0.3967329
MRCHNT_2_PL1X3,ngcc,SCE,494.58,5.964872395,6.486763875,6.747709614,198,495,1,1,2,227.3062731,34620.6,19.44922048,0.42437835,0.032175,1.154932
MRGT_6_MMAREF,ngct,SDGE,48,8.12173129,8.251780814,8.316805576,17,48,1,1,3.17,20.2739726,3360,19.91149872,2.238416871,0.198496495,4.557959
NIMTG_6_NIQF,ngct,SDGE,42.7,8.19463876,8.324688285,8.389713047,212,43,1,1,3.17,18.08219178,2989,25.54916644,42.844692,1.3997445,4.557959
OAK_C_7_UNIT_1,oil,PGE_bay,55,15.04277867,15.17282819,15.23785295,20,55,1,1,3.17,23.17808219,3850,58.23378054,174.4293,0.2507085,4.983456
OAK_C_7_UNIT_2,oil,PGE_bay,55,15.04277867,15.17282819,15.23785295,20,55,1,1,3.17,23.17808219,3850,58.23378054,174.4293,0.2507085,4.983456
OAK_C_7_UNIT_3,oil,PGE_bay,55,15.04277867,15.17282819,15.23785295,20,55,1,1,3.17,23.17808219,3850,58.23378054,174.4293,0.2507085,4.983456
OGROVE_6_PL1X2,ngct,SDGE,96,9.169191844,9.299241368,9.36426613,18,96,1,1,3.17,40.54794521,6720,21.00604914,2.069411018,0.209342394,4.557959
OILDAL_1_UNIT1,ngct,PGE_valley,40,3.517676916,3.64772644,3.712751202,14,40,1,1,3.17,16.98630137,2800,13.80172491,41.8357812,0.15813,0.7672092
OMAR_2_UNIT1,ngct,SCE,78,3.838563626,3.96861315,4.033637912,28,78,1,1,3.17,32.87671233,5460,14.60634861,10.244535,0.116356,1.413492
OMAR_2_UNIT2,ngct,SCE,78.11,3.838563626,3.96861315,4.033637912,28,79,1,1,3.17,32.87671233,5467.7,14.60634861,10.244535,0.116356,1.413492
OMAR_2_UNIT3,ngct,SCE,81.41,3.838563626,3.96861315,4.033637912,29,82,1,1,3.17,34.24657534,5698.7,14.60634861,10.244535,0.116356,1.413492
OMAR_2_UNIT4,ngct,SCE,81.44,3.838563626,3.96861315,4.033637912,29,82,1,1,3.17,34.24657534,5700.8,14.60634861,10.244535,0.116356,1.413492
ORMOND_7_UNIT1,ngst,SCE,741.27,9.148366098,10.55827823,11.2632343,297,742,6,6,2,153.8650307,51888.9,40.33129009,2.013610948,0.176653212,2.061651
ORMOND_7_UNIT2,ngst,SCE,775,9.148366098,10.55827823,11.2632343,310,775,6,6,2,160.8588957,54250,37.3326484,1.016157596,0.163529805,2.061651
OROVIL_6_UNIT,ngct,PGE_valley,7.5,3.517676916,3.64772644,3.712751202,3,8,1,1,3.17,3.287671233,525,13.80172491,41.8357812,0.15813,0.7672092
OTAY_6_PL1X2,ngct,SDGE,35.5,17.54135107,17.67140059,17.73642536,8,36,1,1,3.17,15.06849315,2485,46.25627767,4.75372531,0.460969797,4.557959
OTMESA_2_PL1X3,ngcc,SDGE,603.68,5.916083822,6.437975302,6.698921041,242,604,1,1,2,277.4907749,42257.6,19.77952453,1.694630828,0.197075542,4.557959
PALOMR_2_PL1X3,ngcc,SDGE,575,5.581584428,6.103475907,6.364421647,230,575,2,2,2,264.2066421,40250,18.31060058,1.199947474,0.18244185,4.557959
PIOPIC_2_CTG1,ngct,SDGE,106,7.971420519,8.101470043,8.166494805,17,106,1,1,3.17,44.65753425,7420,17.48017906,1.301659203,0.174183357,4.557959
PIOPIC_2_CTG2,ngct,SDGE,106,7.971420519,8.101470043,8.166494805,34,106,1,1,3.17,44.65753425,7420,17.41109619,1.288080011,0.173458035,4.557959
PIOPIC_2_CTG3,ngct,SDGE,106,7.971420519,8.101470043,8.166494805,17,106,1,1,3.17,44.65753425,7420,17.20001141,1.24391183,0.17138811,4.557959
PITTSP_7_UNIT_5,ngst,PGE_bay,312,11.61934422,13.02925636,13.73421243,125,312,6,6,2,64.52322738,21840,36.10920775,2.9757,0,7.069397
PITTSP_7_UNIT_6,ngst,PGE_bay,317,11.61934422,13.02925636,13.73421243,127,317,6,6,2,65.56234719,22190,36.10920775,2.9757,0,7.069397
PITTSP_7_UNIT_7,ngst,PGE_bay,530,11.61934422,13.02925636,13.73421243,212,530,6,6,2,109.608802,37100,36.10920775,2.9757,0,7.069397
PLMSSR_6_HISIER,ngct,PGE_valley,6,4.310949561,4.440999086,4.506023848,3,6,1,1,3.17,2.465753425,420,15.79299664,82.5722352,0.17085,0.8178269
PNCHEG_2_PL1X4,ngct,PGE_valley,401,7.383422073,7.513471598,7.57849636,141,401,1,1,3.17,169.0410959,28070,19.65389449,0.551714113,0.066386669,1.258577
PNCHPP_1_PL1X2,ngct,PGE_valley,119.91,9.373846005,9.50389553,9.568920292,42,120,1,1,3.17,50.68493151,8393.7,22.47893818,0.9791181,0.075934766,1.258577
PNOCHE_1_UNITA1,ngct,PGE_valley,52.01,4.112630273,4.242679798,4.30770456,19,53,1,1,3.17,21.91780822,3640.7,15.35816888,0.356448,0.05751,1.258577
PTLOMA_6_NTCQF,ngct,SDGE,22.3,8.451774422,8.581823946,8.646848708,17,23,1,1,3.17,9.315068493,1561,26.19497152,43.93268,1.3997445,4.553406
REDBLF_6_UNIT,ngct,PGE_valley,44,8.35192582,8.481975344,8.547000107,16,44,1,1,3.17,18.63013699,3080,25.94417134,70.768175,0.22803,0.5143398
REDOND_7_UNIT5,ngst,SCE,178.87,10.5850428,11.99495494,12.699911,72,179,6,6,2,37.17791411,12520.9,66.98911365,11.07408391,1.33253646,12.63779
REDOND_7_UNIT6,ngst,SCE,175,10.5850428,11.99495494,12.699911,70,175,6,6,2,36.3190184,12250,68.15330357,10.39748117,1.355778375,12.63779
REDOND_7_UNIT7,ngst,SCE,505.96,10.5850428,11.99495494,12.699911,203,506,6,6,2,105.0306748,35417.2,36.2605475,4.762870967,0.721176725,12.63779
REDOND_7_UNIT8,ngst,SCE,495.9,10.5850428,11.99495494,12.699911,199,496,6,6,2,102.9447853,34713,35.82976005,8.97790642,0.71266739,12.63779
RUSCTY_2_UNITS,ngcc,PGE_bay,620,5.67741902,6.199310499,6.460256239,248,620,1,1,2,284.9077491,43400,18.48683767,1.0690865,0.12096128,4.988439
RVRVEW_1_UNITA1,ngct,PGE_bay,48.7,9.570501304,9.700550828,9.76557559,18,49,1,1,3.17,20.52054795,3409,21.97400672,3.627838046,0.184118966,7.069397
RVSIDE_2_RERCU3,ngct,SCE,49,8.921505837,9.051555361,9.116580123,18,49,1,1,3.17,20.54794521,3430,18.81551699,0.929573476,0.154649155,2.940709
RVSIDE_2_RERCU4,ngct,SCE,49,8.921505837,9.051555361,9.116580123,18,49,1,1,3.17,20.54794521,3430,18.76388697,0.842865361,0.154232905,2.940709
RVSIDE_6_RERCU1,ngct,SCE,48.35,8.921505837,9.051555361,9.116580123,17,49,1,1,3.17,20.2739726,3384.5,19.51658193,0.981221461,0.160466163,2.940709
RVSIDE_6_RERCU2,ngct,SCE,48.5,8.921505837,9.051555361,9.116580123,17,49,1,1,3.17,20.54794521,3395,19.65037426,0.97144033,0.161564503,2.940709
RVSIDE_6_SPRING,ngct,SCE,36,12.06494731,12.19499684,12.2600216,13,36,1,1,3.17,15.06849315,2520,35.27148789,42.825924,1.574055,2.937772
SALIRV_2_UNIT,ngct,PGE_valley,57,4.557553193,4.687602717,4.752627479,20,57,1,1,3.17,24.10958904,3990,34.04054687,0.592943376,0.10096465,1.018351
SAMPSN_6_KELCO1,ngct,SDGE,25,3.659045775,3.789095299,3.854120061,202,25,1,1,3.17,10.4109589,1750,14.1553811,24.348896,0.763497,4.553406
SARGNT_2_UNIT,ngct,PGE_valley,57.1,6.959972513,7.090022037,7.155046799,20,58,1,1,3.17,24.10958904,3997,22.82560978,0.459495,0,1.018351
SAUGUS_6_PTCHGN,ngcc,SCE,29.8,8.01890438,8.540795859,8.801741599,12,30,5,5,2,13.65313653,2086,24.28699898,133.147671,2.62477,12.62517
SBERDO_2_PSP3,ngcc,SCE,525,5.62241406,6.144305539,6.405251279,210,525,2,2,2,241.3284133,36750,20.14053064,1.260421631,0.035921256,1.339397
SBERDO_2_PSP4,ngcc,SCE,525,5.62241406,6.144305539,6.405251279,210,525,2,2,2,241.3284133,36750,19.83751481,1.167021674,0.035380291,1.339397
SCHLTE_1_PL1X3,ngcc,PGE_valley,332.28,6.645292402,7.167183882,7.428129622,133,333,1,1,2,152.7675277,23259.6,19.76088967,1.507105495,0.112283213,3.38229
SENTNL_2_CTG1,ngct,SCE,92.09,8.27654261,8.406592134,8.471616896,33,93,1,1,3.17,38.90410959,6446.3,20.05662111,0.921870166,0.164807056,2.940709
SENTNL_2_CTG2,ngct,SCE,92.4,8.27654261,8.406592134,8.471616896,33,93,1,1,3.17,38.90410959,6468,20.69580481,0.957813989,0.170032919,2.940709
SENTNL_2_CTG3,ngct,SCE,92.36,8.27654261,8.406592134,8.471616896,33,93,1,1,3.17,38.90410959,6465.2,21.26480744,1.002702857,0.174758582,2.940709
SENTNL_2_CTG4,ngct,SCE,91.98,8.27654261,8.406592134,8.471616896,33,92,1,1,3.17,38.90410959,6438.6,20.49323907,1.041097419,0.168423885,2.940709
SENTNL_2_CTG5,ngct,SCE,91.83,8.27654261,8.406592134,8.471616896,33,92,1,1,3.17,38.63013699,6428.1,20.76563342,0.976451895,0.170627562,2.940709
SENTNL_2_CTG6,ngct,SCE,92.16,8.27654261,8.406592134,8.471616896,33,93,1,1,3.17,38.90410959,6451.2,20.67977036,0.874284593,0.169938476,2.940709
SENTNL_2_CTG7,ngct,SCE,91.84,8.27654261,8.406592134,8.471616896,33,92,1,1,3.17,38.63013699,6428.8,20.62294596,0.912076141,0.169487247,2.940709
SENTNL_2_CTG8,ngct,SCE,91.56,8.27654261,8.406592134,8.471616896,33,92,1,1,3.17,38.63013699,6409.2,20.02186584,0.980152301,0.164492245,2.940709
SGREGY_6_SANGER,ngct,PGE_valley,48.3,5.195673228,5.325722752,5.390747514,17,49,1,1,3.17,20.2739726,3381,25.56388779,1.005535352,0.086352703,1.258577
SHELRF_1_UNITS,ngcc,PGE_bay,100,4.483931748,5.005823228,5.266768967,40,100,5,5,2,45.94095941,7000,15.40701796,21.3804045,0.570624,7.062336
SIERRA_1_UNITS,ngct,PGE_valley,52.43,7.201841094,7.331890618,7.39691538,19,53,1,1,3.17,22.19178082,3670.1,23.05513385,16.01914,0.177596,1.413492
SMPRIP_1_SMPSON,ngct,PGE_valley,46.05,9.478731728,9.608781253,9.673806015,17,47,1,1,3.17,19.45205479,3223.5,26.91975609,1.361394541,0.15300045,3.38229
SNCLRA_2_HOWLNG,ngct,SCE,13,7.273482637,7.403532161,7.468556923,5,13,1,1,3.17,5.479452055,910,23.23501367,162.27324,0.559395,2.059592
SNCLRA_6_OXGEN,ngct,SCE,48.9,5.588069576,5.7181191,5.783143862,18,49,1,1,3.17,20.54794521,3423,19.00121873,15.37353,0.447516,2.059592
SRINTL_6_UNIT,ngct,PGE_bay,6.9,3.984974133,4.115023657,4.18004842,3,7,1,1,3.17,2.904109589,483,14.9741244,15.283994,0.4126325,3.549797
STIGCT_2_LODI,ngct,PGE_valley,49.9,5.120630449,5.250679973,5.315704735,18,50,1,1,3.17,21.09589041,3493,26.84922257,0.878458774,0.152550563,3.38229
SUNRIS_2_PL1X3,ngcc,PGE_valley,586.02,5.349169863,5.871061343,6.132007082,235,587,4,4,2,269.3726937,41021.4,17.15896357,0.246832598,0.024684007,1.414905
SUNSET_2_UNITS,ngct,PGE_valley,248,3.146502684,3.276552208,3.34157697,87,248,1,1,3.17,104.6575342,17360,12.86783275,8.98524,0.097984,1.413492
SYCAMR_2_UNIT1,ngct,SCE,85,4.026534322,4.156583846,4.221608609,30,85,1,1,3.17,35.89041096,5950,15.07852776,10.5792125,0.116356,1.413492
SYCAMR_2_UNIT2,ngct,SCE,85,4.026534322,4.156583846,4.221608609,30,85,1,1,3.17,35.89041096,5950,15.07852776,10.5792125,0.116356,1.413492
SYCAMR_2_UNIT3,ngct,SCE,85,4.026534322,4.156583846,4.221608609,30,85,1,1,3.17,35.89041096,5950,15.07852776,10.5792125,0.116356,1.413492
SYCAMR_2_UNIT4,ngct,SCE,85,4.026534322,4.156583846,4.221608609,30,85,1,1,3.17,35.89041096,5950,15.07852776,10.5792125,0.116356,1.413492
TANHIL_6_SOLART,ngct,PGE_valley,17,4.553031717,4.683081241,4.748106003,6,17,1,1,3.17,7.123287671,1190,16.40112797,11.4527775,0.128604,1.413492
TENGEN_2_PL1X2,ngct,SCE,40.2,3.628186401,3.758235925,3.823260687,15,41,1,1,3.17,16.98630137,2814,14.077863,77.0691095,1.52406,12.62517
TIDWTR_2_UNITS,ngcc,PGE_bay,114.8,4.278642484,4.800533964,5.061479704,46,115,6,6,2,52.73062731,8036,14.89127652,27.1532625,0.677616,7.062336
TXMCKT_6_UNIT,ngct,PGE_valley,11.2,9.534605069,9.664654594,9.729679356,4,12,1,1,3.17,4.657534247,784,28.91508962,20.1884275,0.226588,1.413492
UNOCAL_1_UNITS,ngct,PGE_bay,57.3,3.374336776,3.5043863,3.569411062,21,58,1,1,3.17,24.1369863,4011,13.44028898,11.992071,0.071328,7.062336
UNVRSY_1_UNIT1,ngct,PGE_valley,38,3.455308877,3.585358402,3.650383164,14,38,1,1,3.17,15.89041096,2660,13.64357252,9.5298,0.104108,1.413492
VACADX_1_UNITA1,ngct,PGE_valley,50.61,8.88361099,9.013660514,9.078685276,18,51,1,1,3.17,21.36986301,3542.7,27.17754084,1.223331,0.180089,4.476259
VERNON_6_GONZL1,ngct,SCE,5.75,11.82003106,11.95008059,12.01510535,3,6,1,1,3.17,2.465753425,402.5,34.65641496,189.8488335,3.72548,12.62517
VERNON_6_GONZL2,ngct,SCE,5.75,11.82003106,11.95008059,12.01510535,3,6,1,1,3.17,2.465753425,402.5,34.65641496,189.8488335,3.72548,12.62517
VERNON_6_MALBRG,ngcc,SCE,134,6.641646797,7.163538277,7.424484016,54,134,3,3,2,61.62361624,9380,20.41658276,2.795945441,0.406170457,12.63779
VESTAL_2_WELLHD,ngct,SCE,49,10.19952248,10.32957201,10.39459677,18,49,1,1,3.17,20.54794521,3430,26.51177061,0.369127243,0.030544173,0.7742778
WALCRK_2_CTG1,ngct,SCE,96.43,7.875675458,8.005724982,8.070749744,34,97,1,1,3.17,40.54794521,6750.1,18.17950752,4.058700342,0.36162557,12.63779
WALCRK_2_CTG2,ngct,SCE,96.91,7.875675458,8.005724982,8.070749744,34,97,1,1,3.17,40.82191781,6783.7,18.12868556,4.028161763,0.360558728,12.63779
WALCRK_2_CTG3,ngct,SCE,96.65,7.875675458,8.005724982,8.070749744,34,97,1,1,3.17,40.82191781,6765.5,18.21270255,3.897139829,0.362285996,12.63779
WALCRK_2_CTG4,ngct,SCE,96.49,7.875675458,8.005724982,8.070749744,34,97,1,1,3.17,40.54794521,6754.3,18.53734586,3.975743206,0.368678581,12.63779
WALCRK_2_CTG5,ngct,SCE,96.65,7.875675458,8.005724982,8.070749744,34,97,1,1,3.17,40.82191781,6765.5,18.95275863,3.737869599,0.376984708,12.63779
WOLFSK_1_UNITA1,ngct,PGE_valley,46.9,10.05242116,10.18247069,10.24749545,17,47,1,1,3.17,19.7260274,3283,22.75254032,2.757229372,0.137531397,4.476259
YUBACT_1_SUNSWT,ngct,PGE_valley,49.97,5.579807151,5.709856675,5.774881437,18,50,1,1,3.17,21.09589041,3497.9,18.98045841,9.5680196,0.269028,1.17131
YUBACT_6_UNITA1,ngct,PGE_valley,46,2.024087173,2.154136697,2.219161459,17,46,1,1,3.17,19.45205479,3220,24.58963549,3.696047552,0.064785305,1.172481
HELMS_PS,psh,PGE_valley,1212,0,0,0,0,1212,1,1,0,0,0,0,0,0,0
EASTWOOD_PS,psh,SCE,148,0,0,0,0,148,1,1,0,0,0,0,0,0,0
HODGES_PS,psh,SDGE,80,0,0,0,0,80,1,1,0,0,0,0,0,0,0
SLACK1,slack,PGE_valley,10000,10000,10000,10000,0,5000,1,1,0,10000000000,10000000000,0,0,0,0
SLACK2,slack,PGE_bay,10000,10000,10000,10000,0,5000,1,1,0,10000000000,10000000000,0,0,0,0
SLACK3,slack,SCE,10000,10000,10000,10000,0,5000,1,1,0,10000000000,10000000000,0,0,0,0
SLACK4,slack,SDGE,10000,10000,10000,10000,0,5000,1,1,0,10000000000,10000000000,0,0,0,0
SCE_hydro,hydro,SCE,2082.666175,0,0,0,0,455,1,1,0,0,0,0,0,0,0
PGEV_hydro,hydro,PGE_valley,4185.568692,0,0,0,0,725,1,1,0,0,0,0,0,0,0
P46I_SCE,imports,WECC_SCE,1716.274635,0,0,0,0,366,1,1,0,0,0,0,0,0,0
P46I_SDGE,imports,WECC_SDGE,99,0,0,0,0,99,1,1,0,0,0,0,0,0,0
P66I,imports,WECC_PGEV,4121.588058,0,0,0,0,860,1,1,0,0,0,0,0,0,0
P61I,imports,WECC_SCE,1323.032957,0,0,0,0,348,1,1,0,0,0,0,0,0,0
P45I,imports,WECC_SDGE,485,0,0,0,0,99,1,1,0,0,0,0,0,0,0
P24I,imports,WECC_PGEV,99,0,0,0,0,47,1,1,0,0,0,0,0,0,0
P42I,imports,WECC_SCE,438,0,0,0,0,47,1,1,0,0,0,0,0,0,0
