,Path66,Path46_SCE,Path61,Path42,Path24,Path45
0,41116.25740491609,10060.778557518352,30514.578754106595,3559.5901492078538,0.0,302.8970151508422
1,37591.07361469033,14025.67058907025,19192.11465868777,0.0,0.0,155.62184327252456
2,29564.722384119985,15269.735171692133,13744.539186842525,3108.61822934238,0.0,438.72369167329873
3,36671.267006533235,14467.612788421262,16545.127327742965,384.2852905132504,0.0,662.2923451150509
4,41179.59774081547,5984.625000419728,18941.275323765887,323.5612537875711,0.0,397.61828536555646
5,45185.09545775769,6838.4802194139265,24639.65399431262,3890.720846333298,0.0,0.0
6,42315.79629386478,3341.5154975289697,26952.805294752583,3377.5788883444375,0.0,0.0
7,32474.5005819327,3916.6953607013056,24260.999458905768,875.8008261053551,0.0,0.0
8,13650.584557687209,4398.9880808962625,27717.782591403935,401.12310403975175,0.0,2049.3676940616106
9,21590.82790097604,0.0,22025.90549581414,5429.528823438175,0.0,285.5933775735882
10,48638.77902105597,5012.291375290806,13030.249896120036,287.40223757176614,0.0,0.0
11,39919.09677574044,9787.159620306898,16705.802738346094,3875.302012378049,0.0,0.0
12,32310.78225616482,10608.024542426858,13819.193001991433,3176.8875297942323,0.0,0.0
13,38445.344072410306,8139.037448335119,23484.901218943367,1793.6650947721669,0.0,0.0
14,29977.12645202518,3817.730814313836,33173.069344268864,3104.7937310540206,0.0,0.0
15,44671.52026318946,3730.9584239837786,24501.53567831734,4045.5338587025763,0.0,0.0
16,54345.80332735408,4859.995417911192,18358.374201511615,4285.732062307903,0.0,677.6442217660558
17,53949.48597318173,4326.0577906156395,16102.470685684948,310.2956230433897,0.0,0.0
18,47218.37602311479,17012.077272663493,10419.659786415918,4193.6766559700845,0.0,0.0
19,55786.77491696594,15817.83297008159,5356.8726888232,0.0,0.0,462.3622103517013
20,51995.89942196828,3632.7926684589784,14516.883570356253,4043.437394043136,0.0,0.0
21,54120.32472677527,9096.322207112342,11409.623838602602,0.0,0.0,904.4812999654705
22,65747.89789145664,11595.274640501446,5654.293049784805,0.0,0.0,649.6820738493439
23,70151.71834315642,8015.414191227905,12742.065810258393,329.3440437901031,0.0,1226.0846769915138
24,75715.93975729175,8804.42834858811,16946.67830650879,240.4816795699221,0.0,1998.4579979182947
25,82590.27782852777,6582.195449607831,8040.098136679973,639.5941956756997,0.0,1234.6109150229495
26,61068.66997948761,7207.640036825107,9465.098427885889,537.4643632426964,0.0,0.0
27,65813.7574986623,10167.723749186183,7734.541724885397,812.0785542665835,0.0,41.097947673750085
28,66293.96584181287,10234.012833787083,3478.662660560136,299.01621860348905,0.0,0.0
29,51052.53503677252,10452.89209696225,657.2927936693154,524.930167976356,0.0,1106.4412708974303
30,39323.86314488731,7893.631943315795,17768.85165867588,386.2687262659076,0.0,0.0
31,58445.42702661076,14036.82848924058,26711.61082345876,1091.042204911689,573.4627998347754,0.0
32,62003.48366778991,14211.32070763865,26114.751032600467,1775.504534813402,548.7902715127183,1358.8991037591384
33,61022.58861962028,14160.609575487097,27325.753640514653,2187.6578205055303,950.6277500406758,2398.460189172202
34,65982.75290253514,11584.975228593652,32780.08195890417,1976.7120452176227,1025.4946168166223,3068.7123165213447
35,58406.445574698584,15627.258439810174,23448.63988512168,615.3099984622581,697.4915954579627,2791.1303052324142
36,43949.095108754285,0.0,25841.090892761484,811.7339788162594,692.2485590453416,2313.0137227586397
37,55144.029115257,6710.693034478591,25119.465595278867,2444.03861147508,537.6599488525494,4608.855428968298
38,68868.53496152199,11055.362060967904,30326.348067502906,2672.2144186396526,1036.9381250559384,2790.723357933007
39,66104.05763745995,14008.342774330753,27555.967064874152,1243.4062469188048,925.4194665961415,3350.206359200289
40,64658.85988473489,20285.613336811966,25351.440064081784,1272.2131467860975,877.3615568945941,3780.7510651794155
41,52975.91160211875,13075.309673184345,24480.86014179333,163.32124466831806,1388.6512819135069,2721.7744117417897
42,55114.03140746895,11126.289023368765,17859.33245956996,0.0,749.578806542509,1812.814714336629
43,70388.60136040753,8608.256699548618,22831.21820359966,0.0,1097.7474382949486,1936.9404746507603
44,64747.426511100755,16165.946716082968,20172.43489140961,1506.7648031197946,963.365413858741,1896.4401642282942
45,66772.63879001146,18347.900737278127,21938.038218094818,2184.7290830578377,1377.1118694491106,2176.044481199491
46,75144.00980244734,19995.90258989556,20123.004484517016,3118.814772477978,1163.8663363347687,3066.5265323888507
47,63257.27864381689,8018.642353695897,24546.650231366744,140.40449896958603,1197.851757302263,3162.504874910592
48,58694.13488306031,8321.614258819967,19842.143920627637,0.0,1011.241624697329,1959.2602518882431
49,68691.27627666472,18113.328880440604,29269.939000632323,2006.0837679967744,1046.4983495051497,2341.4180230976485
50,50529.523440435805,8046.426378403785,24818.593526067914,1910.3657507501323,1193.3863393618815,1023.3761598729134
51,52354.29909930097,5114.339097698799,25749.461894087643,1002.7256473707141,856.8489173492948,118.88429002184623
52,54630.96264060773,21150.797911276713,27396.878614053356,1504.9933014715589,1044.031334977125,2646.805112904832
53,9350.404936193121,11758.130052949591,19236.95162346305,0.0,580.9230816579526,2836.460579748778
54,56290.01195321733,16545.207934592254,19580.594050918502,0.0,629.9149637487069,727.2095301598241
55,54920.12290455673,17532.288618042316,20552.442156279838,0.0,758.8494064060204,2824.1943235173794
56,67004.29291495442,17464.847379923296,20061.314957196082,0.0,1076.2693996718117,0.0
57,69174.12857497098,15081.906390252854,20272.105037868845,0.0,705.2826598796445,685.972890907415
58,52718.95074565262,16673.411667516237,14706.423449564014,631.3531900881344,666.875449787922,0.0
59,42776.43129873683,19774.76898530178,25917.118529111023,0.0,0.0,2964.67544944273
60,37965.07624306816,18721.768968703414,28336.056537641496,0.0,0.0,2928.6392078460963
61,37218.208234838516,12586.54901218864,36097.216321797474,0.0,0.0,2227.4282876801913
62,41325.192808883105,17246.48447415057,19630.330111413277,0.0,0.0,2455.1847774230455
63,47468.73921340677,18751.191453156207,33455.24837822018,0.0,0.0,2074.7199432457037
64,24846.45880257303,11761.28158196275,28381.331588936097,0.0,0.0,3797.299745511048
65,24072.970526087836,25537.867098089722,32330.24647194021,0.0,0.0,3219.6612980146665
66,41196.24372590882,24080.388228592987,29695.40482503723,0.0,0.0,2842.5605850893976
67,32460.169517373142,19492.92249165386,30714.086670211538,0.0,0.0,1790.7543592329457
68,51710.98626690118,24530.471431153368,18171.884306971213,0.0,0.0,1986.831238671227
69,51106.3943486369,31630.28748900607,30145.184318404143,0.0,0.0,3312.0774688069923
70,51357.85152967139,34577.95272508498,17188.52439138383,0.0,0.0,2558.6765780386168
71,37728.694087525975,18964.068000540556,19407.238584218077,0.0,0.0,4094.624341084551
72,50872.40289740209,19364.894976782874,17061.07415465925,0.0,0.0,5135.330066056902
73,68722.3561257663,21061.813424296575,27327.54680952982,0.0,0.0,4752.857414965262
74,77448.84255886324,15291.146665338685,30254.31873489621,0.0,0.0,2978.135821946489
75,80427.32806124249,15458.648571585005,36419.209576325324,0.0,0.0,5255.892185890392
76,51041.21809479092,16697.574172342058,23649.44832840052,0.0,0.0,3556.8163141807186
77,58021.49047756408,6812.052483690004,36398.07811162204,0.0,161.28052196278875,4442.171409867118
78,45027.285417433355,14097.562494942209,34440.565133800366,0.0,84.70868545484541,5189.228209330733
79,37774.92221766655,14736.809667710108,17418.86416353868,0.0,0.0,4703.753562846403
80,44670.27579980252,19079.039176984472,31540.615663560766,0.0,0.0,2525.097949167413
81,41341.75543463716,31900.899542114654,19438.360385207445,0.0,0.0,920.2235328438567
82,38292.711379721135,36299.65763075483,35641.31416543716,0.0,0.0,2487.8088025329107
83,33628.59750923503,32547.022163875434,24254.604501520455,0.0,0.0,1699.987672328249
84,33975.69471712025,23120.901347234045,11220.397332835126,0.0,0.0,0.0
85,27352.35403245219,12615.106298039042,11363.215974717123,0.0,0.0,3846.7759405916117
86,27182.85859921363,5947.6313979795505,1791.0244997951859,0.0,0.0,5688.364630818171
87,45980.219615228016,18456.360874662278,14224.933411351303,976.7502425551834,0.0,2300.476735436944
88,51625.674606212066,11841.03355021314,18051.00010919034,0.0,0.0,4242.426021802311
89,62957.9151822256,18494.98483503823,13732.333614968835,19.62667236805231,0.0,3053.453242355943
90,39978.15822797262,23742.313771593814,13993.823223876032,4624.228681991775,637.5369898767062,0.0
91,20184.883704672884,16814.916446610125,15596.761981377644,0.0,25.881334935395586,0.0
92,23007.833561590087,16655.58681721978,0.0,0.0,650.0348717803366,1186.5980721576489
93,36530.37871537049,19654.31043021364,5558.414067398134,0.0,729.3624347357426,946.8588723434802
94,45704.42342693737,26494.450033604884,0.0,0.0,0.0,0.0
95,40877.1574588262,28944.22373506063,0.0,3891.105939221251,715.8668610404941,0.0
96,40197.855829556574,26479.983566576382,19133.201051207565,3433.8724011278323,0.0,0.0
97,62076.630627131395,28123.556996700227,17443.768179087514,3693.531030063703,1049.4192065632462,0.0
98,44732.79996655932,24973.307834635794,21255.998266104267,4716.68103701304,376.3240813848008,0.0
99,24192.991819582887,25329.280325981308,0.0,0.0,1116.0511839986916,0.0
100,33562.50598414389,23340.970934494093,16132.732377325447,0.0,0.0,328.23159858884657
101,57251.26689737789,25687.631588698772,14730.216175854064,3550.5108858941685,1089.1146778309212,0.0
102,62370.5722200671,20249.362202818542,15424.36639948759,3505.689941206296,982.1429158991498,0.0
103,29612.375049953374,26007.681022853987,16092.995131834885,3344.357136752361,0.0,0.0
104,24526.573112668313,29467.468721494573,19950.60141304214,0.0,475.52537630977076,0.0
105,34248.22647750436,23804.5325157568,18646.500971808753,0.0,109.25787467279741,0.0
106,31372.95495797502,24683.49818970327,19044.59424851682,3148.4533861259342,0.0,0.0
107,17254.48080371581,23125.82077638797,14559.610594146925,0.0,0.0,0.0
108,36963.04298379921,27978.097818519956,17760.367834174318,3791.9849768296963,0.0,0.0
109,33909.54865210243,35802.266255097464,17125.739594006485,3489.026934141315,0.0,0.0
110,27096.353574305373,37353.97278016311,17452.366122057447,3202.456667644577,543.5302657311554,279.23957314489934
111,30915.987912752607,34438.25401051603,17046.961067020722,3363.2159255568217,267.2818045803146,0.0
112,39531.905801902656,29391.448222621846,17611.45766764776,4135.885062375023,786.9659948451364,0.0
113,43568.67218209274,17651.397826869885,18041.764598553586,4651.821603875585,1132.3831000383461,0.0
114,31710.321932366525,19158.313937253868,13622.3112375054,4880.0552399806775,643.0734668095533,0.0
115,25659.18108051746,31831.999742644948,0.0,3868.4840757402553,378.98675494291905,0.0
116,23430.870871629006,44082.89473872799,0.0,4254.1031505572055,121.21041146269795,218.79169009229247
117,24639.7977645816,31970.63057855449,495.7418068950856,3134.7001379008716,827.2460647344078,0.0
118,24244.101568113263,31000.76674033865,11873.336107442903,3553.083855703954,404.4929411727545,0.0
119,42497.131414590265,33784.59244483619,14690.344889257594,4333.45019062619,0.0,0.0
120,0.0,26786.994570012415,16291.526962030797,4745.826222080224,0.0,0.0
121,18638.28900279563,25371.69350434038,0.0,6294.733131923324,70.47233648955206,0.0
122,8365.176493138646,30918.620497834047,0.0,4577.871630221187,167.26770810650774,0.0
123,13897.32896165064,32332.87717081714,0.0,2929.5862535957494,99.75260790832058,0.0
124,32843.64010513634,31602.048641632173,0.0,7105.115204118208,0.0,0.0
125,56642.420817721395,43288.71525390482,0.0,4336.117622828321,334.5556894866259,3474.0100839893194
126,43308.37451456795,21943.563797120718,19356.738080206273,6216.609373798073,363.94804847037614,503.41257707636566
127,33793.57967882398,17910.589873289045,16774.703706285756,5310.603677112975,1036.620797322693,0.0
128,59927.03143268791,18779.718886422568,15263.144914826782,3800.4854240888826,1048.5415587810605,2290.9841229927415
129,75818.66728331597,21466.146910252864,15429.168950752408,8582.531627529062,0.0,1894.4169445592324
130,64514.39958033683,22693.28521610958,11587.993904553814,4523.754903381397,0.0,2729.9569982489106
131,33742.28526247704,43925.592027949686,0.0,6485.432345075347,1064.399588708105,103.40761330620722
132,31432.963247380365,39684.029247919374,16420.722475800918,1530.2994141512593,0.0,2349.9934597628608
133,38605.73991383925,37114.928694318034,17510.14621891033,3335.903589533669,0.0,725.0397452791383
134,47055.9886163461,32457.215222712162,16784.46710234825,3321.870923560169,0.0,889.2500595590247
135,66000.74727123804,47798.78719642868,0.0,0.0,1138.6560093791452,0.0
136,48740.631419507146,35301.469988668396,18165.018621053416,7522.6566969366995,0.0,1755.3049603515165
137,44174.77164420666,33749.44641993403,14844.22585160006,7334.528041667894,0.0,496.29703002065946
138,70696.68936455237,36563.65939073806,12591.52873883505,7831.432720117538,0.0,571.2969076636158
139,48211.79909895682,25979.6949173888,1879.8940250114474,5478.546723563126,693.2868820157803,299.36481005463196
140,60977.57763708112,14913.34006266416,1508.407198545774,3260.3769990716673,1513.3272353062598,2706.615416160521
141,71785.10741777865,16292.248647972247,0.0,2171.1989572843145,0.0,4968.020425323775
142,70455.11180803472,11022.495664245627,0.0,1435.7452776310092,1311.8613176757194,2677.9809027809088
143,59934.789403282004,26897.89740649442,0.0,3601.110829410265,1560.2041543314667,1043.7515712219242
144,68270.43313275179,22107.560307274325,0.0,3975.753338853733,570.5114331180026,1651.895440250145
145,60185.98257199039,29423.433303904534,0.0,3346.5879402628952,1001.9713444005688,3062.543613238764
146,72734.2860372935,22268.733913202297,14365.62839327083,4302.362733644746,943.2144657718648,1991.539312588292
147,83942.31995229525,38422.2700756517,0.0,7368.282536051174,0.0,3772.364997421917
148,69870.21448042593,27460.146994229224,13251.77161310222,4194.7271222665695,805.7448315484589,2843.651191198419
149,76837.53271256477,23346.011593364423,9417.704704406344,3213.250602009717,0.0,323.7686865399921
150,67161.50371372161,24926.57685392006,15501.25440288646,7298.045191103435,1022.1742036107207,7664.799358329632
151,68016.35128203427,37178.45003235618,16733.767074358955,4782.088032779531,1368.6286536643956,2065.4459317233577
152,61959.407437446294,36104.55477970174,17969.757256519908,4045.850879794321,0.0,0.0
153,81786.38469178049,33510.072643012376,17423.487635476107,4295.06045852225,1048.008432253715,0.0
154,85456.72509678127,35812.88904788661,12223.044677051075,3311.090442972677,1747.0675155459453,874.1860772209002
155,91676.61420236767,27827.041086259083,13923.272095579214,3806.020204768395,0.0,0.0
156,96058.73304170443,25462.091204936904,11545.489499829644,5247.41831923471,1712.0127567067798,0.0
157,72543.58588850807,23525.418059432042,16533.10498896755,4767.113833877793,167.08894466185018,274.3366164102009
158,70659.40237112487,30283.73426983895,10260.71350350706,4517.749510635664,839.5906556571636,744.5053762974395
159,91705.550143364,28803.195025347806,16051.927232149681,1904.4097372521912,1004.0414359768711,0.0
160,86388.407765977,36528.31746896956,18182.229174068107,4652.0935890907085,0.0,0.0
161,73566.76589416615,32646.9077838728,17169.624998582807,2268.6536172939295,0.0,0.0
162,99550.40910407205,35745.913409304245,19758.422945377904,1486.770651880839,0.0,36.92663982003674
163,94482.92258022312,29541.084915241074,17892.552529749802,3195.6063395871447,1271.987332165776,0.0
164,109202.95582013603,34016.69501320878,16003.251034379067,2268.5688526552412,1304.1289549613848,246.8493181893105
165,99505.49476873317,26750.7040649169,16917.01424842027,2672.555565753858,977.06899457207,0.0
166,91061.04633364046,28687.20221932179,17031.416976075376,3603.993019214609,933.5013316580685,0.0
167,81388.95402910747,23032.427833787813,10839.36369484405,3087.237597847936,0.0,0.0
168,82908.98267345458,21894.879229941995,15328.941057554493,4540.023914408944,0.0,0.0
169,94027.05021202112,21531.85395024868,16749.237367610458,4502.51498902252,0.0,0.0
170,91749.00049635649,22282.436980958006,15688.444491563423,5051.954403718006,1231.3914765175953,0.0
171,97768.19787043492,22735.535916405235,15955.996848564973,3837.988084359507,0.0,1178.742342852631
172,97955.64578362716,25343.569499197256,14780.620761267228,3848.8162828658424,1086.7065612653062,0.0
173,85315.92553885203,29492.494600935766,12396.032193495543,4020.3122153873437,1244.4329511830947,0.0
174,79665.47282270277,14038.259436290698,12521.478876047964,4706.681713437392,1032.6606730774881,0.0
175,82133.51426740242,13358.205825255143,13521.606057585386,5984.646417609765,1385.1854462871606,0.0
176,88611.49560212111,12580.104910103877,12134.08999320784,3055.5247352553024,0.0,0.0
177,93780.756823643,19209.148415687763,20016.52343803981,4200.242070948567,0.0,0.0
178,94840.11542175144,17276.22984820712,13814.0959384233,3433.0514022397065,0.0,0.0
179,87903.77362922623,17050.466495566834,17245.738241512758,3023.115219587261,1351.359031127561,0.0
180,80844.49925109473,15590.16822487116,13544.803096991867,3063.9333217713797,0.0,123.44256460868942
181,95689.43115737557,20528.698475379162,13120.459605435244,5607.4894193868095,0.0,64.62554381322319
182,95343.68427640293,22891.625281853612,11541.18513216386,6507.7385840038805,0.0,0.0
183,99041.34279335287,17220.38144533306,14956.716100973383,8467.374575289012,0.0,0.0
184,90526.9109700771,19341.95136423104,14939.991334926985,5151.202826153365,0.0,0.0
185,70224.14658778711,10641.326564889443,14591.16805823815,5059.843744489049,0.0,0.0
186,79006.43129885699,12628.176426587679,16691.762170160295,7403.353190502212,0.0,0.0
187,77907.77111828313,17344.012772490074,11347.347570328286,8453.1808350304,0.0,0.0
188,89480.66685409006,10319.131288929155,15887.103264267205,8359.453303856999,0.0,0.0
189,83950.50174644345,14965.8436238399,13668.027971102898,5382.004168661787,0.0,0.0
190,87508.85563029992,20461.458537221803,13436.72525893171,8146.836199991536,0.0,0.0
191,89799.745821841,19397.606541595404,13071.031505616309,6905.265709455465,0.0,0.0
192,82910.2965076695,19279.09551193515,14109.054599195308,8306.804776230041,0.0,0.0
193,86177.95117709924,17704.774118232235,11786.665637134241,9557.201012886466,0.0,0.0
194,76881.76615141447,16413.021559314428,11860.7229831703,8000.741205218576,0.0,0.0
195,82818.83301307651,18885.817573573993,10733.928339857404,8082.376224498708,0.0,0.0
196,62481.67415221874,2996.1449125848485,15646.876620542938,7754.249875894554,0.0,0.0
197,70586.88914655847,7564.489637104638,17475.382180466597,7304.202740897702,0.0,0.0
198,73421.95939521784,16889.38152468553,11776.379033793948,7073.223160601436,0.0,0.0
199,66928.29263822467,13168.597187908194,12405.158281420532,4882.37188168196,0.0,0.0
200,66198.95712790503,6478.993548156497,9970.995866647465,6162.130246941959,0.0,0.0
201,62610.60094155079,10997.856473187649,14290.228538041192,8354.674394406738,0.0,0.0
202,62852.64397722296,12346.24947305427,12876.78235113995,8461.015808738335,0.0,0.0
203,68757.07600584411,22022.909992515517,11510.973543922046,8577.03706842981,0.0,0.0
204,60050.17142040521,22877.08562074443,11422.796366214447,9043.0580715961,0.0,0.0
205,65328.18467380485,17066.4266295916,9082.413808874004,4275.329534119685,0.0,42.040699127704556
206,68890.64793903184,19084.67545692,9856.432145649105,5466.377508751146,0.0,0.0
207,79317.65213524415,22233.708102582474,10500.044030681544,7773.2636421118905,0.0,0.0
208,61707.56938312347,30869.187973325308,8837.631276265678,3831.178143512033,0.0,0.0
209,60320.29667506784,27512.779447374836,6592.4341137301535,8017.0862447325035,0.0,0.0
210,59957.045562846615,20855.008931945966,8399.639774632124,5827.371055618653,0.0,0.0
211,73195.92761097685,12587.978004548564,10605.637592898236,6928.7357161951295,0.0,439.6340538880511
212,90712.30225491783,20375.611057520342,1857.8852651539491,3500.014100338337,0.0,0.0
213,87836.168915103,26124.849603386752,2933.992326655065,4257.651288768986,0.0,0.0
214,87011.43785727891,27035.431923317796,0.0,3596.7790920002944,0.0,1472.5513827263455
215,65768.09038667822,22020.773775917485,0.0,5923.117678239508,268.30979389928467,2052.021038826374
216,69555.81285738127,25000.963141100772,0.0,3775.7886583998597,0.0,548.9208518922592
217,66146.54874951093,31434.946941457554,0.0,3584.9926347268165,15.881140660773951,0.0
218,64902.45746494332,32586.250754899316,2160.4551371149264,3337.501820775825,0.0,0.0
219,52368.17258335087,17417.240610834735,11398.699240312562,2806.3127308949142,5.729508352023004,0.0
220,38772.82913849922,39184.15192624028,2241.261566116942,3901.773383339393,0.0,0.0
221,52752.73559591611,40088.79839411979,1385.7318872225978,7071.925978656098,454.7957305656116,1626.3732814462073
222,46093.4237036548,39188.32931076408,0.0,7121.253911779733,900.3879660491759,2990.716640100581
223,53058.6153933709,35436.99064716275,0.0,6755.822323232024,368.4567096671674,4194.747660980887
224,69188.62150130121,26520.43984576065,0.0,5367.1518904202085,0.0,1372.9890289733098
225,74594.05827701042,25838.35775375075,939.1889095457154,6750.881681978239,826.6903620519305,3908.4801600998235
226,45266.035948865494,28320.43258465208,911.9104684784379,7973.562828534243,421.87743250819165,3869.897175924295
227,70044.09723563121,25380.606707813604,0.0,6519.954178410582,1269.9034709124662,1514.8188469409668
228,58017.57498355521,29833.62222222496,0.0,6280.476409676527,675.4656983273577,1930.1664123997034
229,57778.56958519865,24878.841923679625,0.0,6808.216004117495,133.556991829457,3368.587381060951
230,67693.0893201808,27260.568867506023,0.0,6032.707001745228,1144.5429519349052,4492.493031938105
231,62983.07212110446,22131.70304889032,0.0,5401.6913004041235,1085.7912810564178,4790.145421562218
232,44173.509966918704,34737.143105691815,12324.522023321137,5399.4341866989125,557.042825188632,2612.014549744886
233,61941.63939364032,26918.182596865172,0.0,7444.850240214768,1333.879922529694,5317.209417085143
234,64673.038789450104,29269.440781864756,6923.4702646504575,8655.60311298526,875.975950413072,3893.0113734372503
235,66201.98223713871,21451.97206470576,8383.328839029811,8906.16431901317,542.6382839644884,2942.2286570308374
236,58462.390566146874,25938.31086476884,3676.1786509696803,6479.281552129756,404.9816636449356,2421.4603682472607
237,56583.79279596043,23155.807898531115,1309.5429963494307,6090.570448363721,979.6538029746705,1530.1487189564198
238,48232.61053206082,26557.10908589967,2310.7805051270598,7035.386956752042,351.584395648353,1442.3419680462196
239,64251.95408531313,23873.7707522049,1032.017176123516,7495.596461787114,0.0,4053.9258797430766
240,52442.1425249313,14312.004901089122,10946.62970148369,6428.825513206117,0.0,1446.664451056873
241,42877.97405273784,22787.832772157883,10550.03482399117,5239.28046566388,0.0,0.0
242,64679.55149092748,30615.524273906132,6485.824998621068,4667.395214868886,0.0,0.0
243,43481.7601339939,21763.910270408334,1014.9054790954997,4089.9658102300345,0.0,7001.007641197385
244,31770.77934489285,22104.820109633136,0.0,4461.239526665923,0.0,6912.552188137187
245,22556.335689605643,15830.716484136912,0.0,2929.3155924199486,0.0,3575.3688366716847
246,21840.163511636732,9644.130610280277,0.0,1100.3478419490987,0.0,1318.9930867082712
247,45272.682855323874,16625.81876226315,147.15536250580226,2201.287829031746,0.0,2062.8980051620383
248,32037.92653003186,18012.06249226149,0.0,4954.194897817596,0.0,3366.3054641984863
249,23007.838271684843,12142.723256708872,0.0,4009.647273576157,0.0,4911.440912973163
250,55366.82503947962,13540.769258450888,0.0,5522.905492305762,0.0,5669.954849494431
251,53841.227694398025,13016.288871045595,0.0,5151.3020046900665,0.0,689.3172074655936
252,36614.802651418446,16573.350927805623,0.0,3708.232359659969,0.0,7111.051953487107
253,16417.48750805928,0.0,10556.451276245818,5036.820129752825,250.55397049619512,1554.1698819699602
254,389.76995738254027,0.0,11740.690735450084,3707.8396228716592,791.0906571755486,843.8347823489306
255,0.0,2062.9796388603754,10900.270627699188,4013.8974780919093,0.0,1261.826952197368
256,0.0,8626.603387838048,15700.212264003465,4028.557402216282,0.0,993.8804537531034
257,0.0,5534.098921962846,11295.033869528725,3648.889364278508,1304.4121236825597,283.9036548448338
258,39973.90240230026,9844.94551750044,5160.577898786959,4147.340151501208,0.0,4994.306719089582
259,31351.446272133864,12314.70860362714,8190.706608416517,2833.003071421546,11.920032792118578,3107.4487691540726
260,43039.52518710455,8544.983094655843,1854.0499359438581,2630.6605112521,0.0,4347.21007003226
261,64431.69597324892,9437.612844521947,5850.659198266597,4403.56888277472,0.0,3616.052626915235
262,69651.61649448854,8506.639326240289,8854.192562391887,7056.088606510158,0.0,5660.544424914921
263,68880.14420341598,5046.766568853338,2304.2692795410167,4915.402437430282,0.0,4832.4017779186015
264,55512.50820252797,16549.986085588247,0.0,3755.2907822284396,0.0,0.0
265,37028.53688965443,16007.511449898051,3341.6715578977573,3091.106779681239,0.0,936.978307274074
266,55718.46247276303,11694.391560501415,3357.946356438497,3400.7352648965657,0.0,5173.477215336442
267,60034.07679856774,2919.69255836288,7832.719714626044,3392.790446891265,0.0,6216.825853763794
268,71506.33161712831,10241.281021363448,6941.761700099546,3012.6632557462726,0.0,3693.730533027531
269,56410.49572713004,14448.569502013415,10074.315243304924,6801.757115861101,0.0,5459.607857797076
270,63296.664901509044,7217.794233251167,7588.845004499616,4025.814423906928,0.0,5896.933581044462
271,42617.45848038999,11615.519434417442,0.0,5625.376818100286,0.0,2825.594027998098
272,34873.49282767292,15355.019548209548,16192.54201218252,2796.206388720428,0.0,0.0
273,78883.98833500296,16734.024014559775,12526.732492205923,2549.538500100319,886.7187056483594,1135.1302278724283
274,83077.0994235154,6163.437044948663,12465.28360655377,4954.138924071164,1308.4663514653432,1447.2333048983614
275,70006.85764118464,8397.32707052863,14353.722703026286,3788.088256316667,877.0536739124461,1580.1086171766256
276,74713.1239964264,15902.67132874921,13364.087150618077,2225.8495620770836,546.4314900698326,0.0
277,55449.68825558835,8368.28043557566,14928.662081482651,3565.11664452253,713.7735609180103,2120.0678757281016
278,50578.04092579843,9279.833317223085,16880.022252261806,5408.651758260313,1440.9078119241426,1574.5394606884124
279,67592.93127011975,15586.400014319315,12962.62549450016,5448.296208144085,1402.8068669092959,350.13026748703976
280,43224.782048991896,14659.004556873486,15873.339688938584,4076.926811787089,825.3000569290728,520.389409639469
281,57493.30547313038,13469.094148063887,14573.704565638536,3456.93834482182,819.4098014921015,731.0438369190972
282,87961.72166086416,13821.055168157676,15171.677689245109,3780.5654265282674,1113.5795117710704,932.8537543613049
283,83581.68194699049,21986.594039952968,15574.408398830496,5359.675907498131,216.50862953715114,1083.4476048508693
284,98778.1140743492,18552.531402495573,14015.526720918473,2469.7323838394323,573.9484942361349,778.074974310395
285,75847.36258190389,5915.035180939565,14942.510913224367,3203.6377902103313,708.6510680539667,1347.5828830768228
286,75265.91417040047,12305.64319633062,15258.916788105293,3890.1581841874413,54.556042321181295,1101.5062286640903
287,59356.855457015256,22571.8666302362,18450.62425382457,2549.801397093887,1882.8099967515252,0.0
288,80796.79934926315,14476.119723565389,16352.889563534165,4948.254369513628,1157.7512442048542,743.6903198665769
289,77691.10456785765,19233.795506169576,17087.240021844187,1431.050581736918,482.32170387037746,0.0
290,48351.697793692,25912.939137710426,19905.37202894621,1372.087446169673,297.86624952656973,0.0
291,50518.80075085415,14453.760526872938,14232.520094307292,3779.392885160637,1270.0153980927414,916.5222478042817
292,52341.71860913363,22919.065300388436,19690.048185895514,3984.230763729338,907.9559413481015,747.5902289934223
293,67421.55867185997,27530.772216340803,17495.99050858755,3902.7424971319815,1207.2988191099216,110.5359350884782
294,58627.46153392475,17006.943041112918,17938.224479720724,2476.8951181343673,873.0316946623682,1291.0630290449951
295,74498.11842716484,33574.879074294855,15682.773354083569,2952.365931521913,1078.7182098755388,0.0
296,62620.01147116352,21496.66625840256,15739.541407273693,3889.7924700713384,1397.5592185027408,0.0
297,55919.420539548766,17340.242181987982,17292.092731528333,3530.617473642915,1320.1471768438585,688.8779406567487
298,47916.98167040832,27990.811171778252,15630.225843853732,5607.071522361701,1559.8600184111676,1356.2427267658304
299,60445.100754825464,16215.022290513942,19993.280866730074,5629.046988101429,871.0479589106865,0.0
300,65915.33388821583,21379.647991519865,13768.07018965163,3598.1450125481565,502.0260459649834,43.40020577982737
301,54027.56824164606,17953.17543570079,19364.788088159683,3598.4463783422716,300.84560454539553,1686.5440902084079
302,44883.902454598836,31829.32912026793,16272.027295239564,3463.6746374747245,1203.8931202768617,721.5195155516793
303,57413.83547533432,17787.895011316672,16518.953195536138,3567.818601397194,1202.4110272864104,399.2774398886699
304,45215.1001093393,17164.93408142667,17210.182378554382,4310.874980163018,0.0,1837.5652643210153
305,27153.415682413193,8889.896569588718,19947.837210488844,2865.43072243243,0.0,804.0539303159676
306,39524.5556340586,16956.97819115493,15014.148456254887,1767.2904222513248,0.0,31.715094448113007
307,18192.25857916917,24734.57498978453,16794.96147829103,1041.9386999738035,0.0,2226.1346922708217
308,29014.960742506675,19776.90483042515,18914.979948733126,1909.3564436938582,0.0,5438.4377151403
309,23910.656373181704,17269.865252620104,19538.592143129743,2616.0967600359613,0.0,4814.605679453817
310,35201.694168426824,14680.806950828539,25232.40364883418,1601.9420331549472,0.0,591.6214368516379
311,40288.2764518293,25892.474271408748,20455.875526184587,2481.5174471963596,0.0,3902.5675377090615
312,46519.23597256283,2886.680672678891,15943.887835223184,984.411450915989,0.0,388.962542883625
313,33602.30832410375,7313.655896960152,13639.916929333922,872.2997425511387,109.5432884337462,2795.026206304063
314,51737.39155451968,22841.925158022477,15087.367062159652,1036.3506566370947,0.0,3049.0762574331566
315,45823.749233718205,17319.059282267684,14469.115208305604,647.8992056500767,0.0,1775.6793668322673
316,31154.374377066586,13889.358006386607,18937.79313132977,3754.5319913211365,0.0,5719.722683327034
317,38967.329526875816,14828.551642476585,35057.56277913719,3801.9949424825118,0.0,7671.650078943272
318,31953.641507724118,18187.472589772675,21106.021781609757,4313.393184026872,0.0,6895.23330990988
319,26326.422462904055,11638.432740474076,20030.108550964786,4335.040250731431,0.0,5870.751071649833
320,36340.55898890372,10451.928684759516,17903.79042886738,3604.2225334561927,0.0,4453.565012735664
321,37431.36233491708,12099.940339630335,30846.123480475206,1984.1348839260563,0.0,4388.41331177424
322,40976.64924832487,20347.698833081777,18140.384933444762,2946.1004997365435,0.0,5173.136203287804
323,45464.16832832014,11849.370987571108,18773.264525911858,1428.2863353368318,404.603882318831,5146.046531370512
324,13188.36117627076,8261.756864869047,15114.08043217727,2478.741675422709,0.701640978697526,3532.2146134904788
325,11995.634138606,2417.2134435912303,18831.063614128187,1123.2960890487384,0.0,1178.1016697008897
326,16264.065627896496,9293.608854917744,34854.828748465516,2024.543391582033,0.0,2402.7210402781457
327,11961.152116296089,17501.339557140782,33879.83273340455,1952.039308343679,0.0,1220.617108396476
328,29551.440330984697,9741.21760744813,16635.569675982646,1816.1272710266117,0.0,3911.2002162798917
329,36715.27601652124,16198.33676487447,23003.510222514473,799.9245840888411,0.0,1460.6096974886311
330,50158.174267243754,15334.408698211397,17026.00491541995,386.22064246317154,0.0,3153.6224910890014
331,22679.464002579844,2237.9108394872237,23017.743177098084,1275.783827294158,169.7159658379971,870.8935951829595
332,36320.08052273578,9714.352021518584,18088.700379239166,498.56360605956684,0.0,2909.3885148181394
333,38503.25857291585,15498.486859681665,22197.498616805315,1613.2664918610035,119.41642661486875,0.0
334,25754.677656568332,29572.100881642124,24232.3644486689,1607.2590835702279,411.19772455020166,586.5101454942258
335,15089.775171575093,23923.433482014792,22348.570820790388,2921.2615674399212,861.8402488540671,314.8389443315283
336,36713.03273420061,23556.962991876877,19940.155701505384,1467.1104347509922,728.366369301126,0.0
337,35768.8366368722,6251.928208956919,24973.475348199718,67.26993279842372,217.9733023005591,4364.157997351112
338,37668.026896633026,24441.074903779394,23636.59780284528,3164.187439800511,891.2316547555251,0.0
339,51509.29307369648,18612.516444518144,24432.64667054532,938.60969767851,811.2672647974466,1526.346220446444
340,53817.617459378205,25321.494188858782,19485.954108749625,0.0,560.3673632762352,1444.5206376195686
341,40201.933313979695,26306.061108604023,18606.636511606222,0.0,950.2471372633788,6494.648356250582
342,41702.0180711057,18043.268120792607,22308.953464571565,1037.8928775574532,955.8135605155054,7420.495381524881
343,34105.06902281507,20515.269801002105,20224.575387192854,1775.0210735588869,1030.983726382738,0.0
344,23594.97664828501,10904.313286490582,16832.14213293363,5664.354110870224,1062.6774309589478,170.90212849830473
345,44620.896054044155,14111.538350647133,17819.65219995556,3343.8010230683576,1048.3070974719692,0.0
346,44971.14651778227,14041.871088748632,17240.163689216603,1469.6602946834194,891.7097776140563,1888.0528887436485
347,45874.99464425379,20597.343302857393,20728.610162503857,2465.41801385305,733.4727380042766,344.32937638442155
348,49537.02276051416,27058.751814937583,17543.730377726657,0.0,330.9111166451511,6954.728187123439
349,29128.470869890094,28390.515994523797,20609.278630963432,3099.527898403156,617.2345715998235,6346.8078244254575
350,35165.98635737435,29553.76007685239,18612.38390618183,1422.58793356913,375.1575944804987,6752.046066018462
351,44016.155034832234,23355.1458618092,18423.250031901716,1520.0421198963281,415.9988477810353,5399.968922007059
352,63611.83961717499,25427.8854693162,15646.003942547099,638.2091127518702,74.23528773234088,5172.58649133367
353,54943.882484893344,17078.842941492978,16773.3044947913,0.0,369.5748584686812,5377.494514019116
354,56898.68968333615,20598.72933816648,16492.512579704024,228.69915960146818,300.8560108252197,7280.1451690705635
355,33920.85475917479,21943.955553822125,14131.097499726311,2301.2233009725214,849.9637595424442,5442.281949641662
356,52886.337790895064,17170.50561426481,15377.506120066908,2283.9972180627524,501.5554946379516,6102.372432831429
357,36982.529870570266,24398.24528255515,19364.18235605913,1390.7365974042725,1003.6383327507592,1373.908934305242
358,24082.629642483196,12820.469746761477,21360.767938834382,3638.3433584539757,508.11618965358065,265.53975272688604
359,48166.22258666269,13170.44713760508,18135.22970069789,170.81711262298109,679.1318270686288,474.9453321646345
360,40629.21335373898,11462.372537159206,16235.346505838146,1403.3848971009418,463.51787780658975,875.4232331603598
361,53850.4691098754,14266.148453388689,17148.554473554406,907.9808986727016,727.3892923820832,7633.82249884094
362,62374.69091542272,16012.072296108601,0.0,0.0,0.0,5752.5857540525085
363,37740.2157467278,20372.552063851945,13981.02455104249,3130.3602508053627,912.5551718399804,199.1623288866491
364,56484.356800086694,17894.306607801074,14553.709483058054,1483.5850670611048,496.4644338417289,658.7179877774746
