name,typ,zone,netcap,eGRID_Name,DOE,LAT,LON,FIPSCNTY,CNTYNAME,CO2rate(lbs/MWh),NOXrate(lbs/MWh),SO2rate(lbs/MWh),CO2Tax($/MWh),NOXTax($/MWh),SO2Tax($/MWh),PMTax($/MWh),NOX_lbs_MD ($/lb),SO2_lbs_MD ($/lb),PM_MD_KWH ($/MWh)
AGRICO_6_PL3N5,ngct,PGE_valley,22.69,"Fresno Cogeneration Partners, LP",10156,36.617022,-120.099846,19,Fresno,271.491,0.022,0.001,5.834617856,0.122529,0.0143775,1.258577,5.5695,14.3775,1.258577
AGRICO_7_UNIT,ngcc,PGE_valley,50.6,"Fresno Cogeneration Partners, LP",10156,36.617022,-120.099846,19,Fresno,271.491,0.022,0.001,5.834617856,0.122529,0.0143775,1.258577,5.5695,14.3775,1.258577
ALAMIT_7_UNIT1,ngst,SCE,174.56,AES Alamitos,315,33.7688,-118.1009,37,Los Angeles,1576.74,0.104,0.008,33.88574707,4.625036,0.67736,12.63779,44.4715,84.67,12.63779
ALAMIT_7_UNIT2,ngst,SCE,175,AES Alamitos,315,33.7688,-118.1009,37,Los Angeles,1576.74,0.104,0.008,33.88574707,4.625036,0.67736,12.63779,44.4715,84.67,12.63779
ALAMIT_7_UNIT3,ngst,SCE,332.18,AES Alamitos,315,33.7688,-118.1009,37,Los Angeles,1576.74,0.104,0.008,33.88574707,4.625036,0.67736,12.63779,44.4715,84.67,12.63779
ALAMIT_7_UNIT4,ngst,SCE,335.67,AES Alamitos,315,33.7688,-118.1009,37,Los Angeles,1576.74,0.104,0.008,33.88574707,4.625036,0.67736,12.63779,44.4715,84.67,12.63779
ALAMIT_7_UNIT5,ngst,SCE,497.97,AES Alamitos,315,33.7688,-118.1009,37,Los Angeles,1576.74,0.104,0.008,33.88574707,4.625036,0.67736,12.63779,44.4715,84.67,12.63779
ALAMIT_7_UNIT6,ngst,SCE,495,AES Alamitos,315,33.7688,-118.1009,37,Los Angeles,1576.74,0.104,0.008,33.88574707,4.625036,0.67736,12.63779,44.4715,84.67,12.63779
ALMEGT_1_UNIT_1,ngct,PGE_bay,23.8,Alameda,7450,37.7886,-122.2889,1,Alameda,1759.55,4.627,0.048,37.81452,52.97915,1.337112,4.983456,11.45,27.8565,4.983456
ALMEGT_1_UNIT_2,ngct,PGE_bay,25.4,Alameda,7450,37.7886,-122.2889,1,Alameda,1759.55,4.627,0.048,37.81452,52.97915,1.337112,4.983456,11.45,27.8565,4.983456
ANAHM_2_CANYN1,ngct,SCE,49.4,Canyon Power Plant,57027,33.858056,-117.861667,59,Orange,1271.97,0.092,0.006,27.33592964,1.21693,0.199869,5.50648,13.2275,33.3115,5.50648
ANAHM_2_CANYN2,ngct,SCE,49.4,Canyon Power Plant,57027,33.858056,-117.861667,59,Orange,1271.97,0.092,0.006,27.33592964,1.21693,0.199869,5.50648,13.2275,33.3115,5.50648
ANAHM_2_CANYN3,ngct,SCE,49.4,Canyon Power Plant,57027,33.858056,-117.861667,59,Orange,1271.97,0.092,0.006,27.33592964,1.21693,0.199869,5.50648,13.2275,33.3115,5.50648
ANAHM_2_CANYN4,ngct,SCE,49.4,Canyon Power Plant,57027,33.858056,-117.861667,59,Orange,1271.97,0.092,0.006,27.33592964,1.21693,0.199869,5.50648,13.2275,33.3115,5.50648
ANAHM_7_CT,ngct,SCE,42.81,Anaheim Combustion Turbine,7693,33.853542,-117.856286,59,Orange,1073.76,0.18,0.006,23.07619505,2.38095,0.199869,5.50648,13.2275,33.3115,5.50648
ARCOGN_2_UNITS,ngcc,SCE,416.6,Watson Cogeneration,50216,33.816647,-118.244841,37,Los Angeles,657.324,1.417,0.015,14.12656165,63.0161155,1.27005,12.62517,44.4715,84.67,12.62517
BARRE_6_PEAKER,ngct,SCE,47,Barre Generating Station,56474,33.8073,-117.9832,59,Orange,1209.12,0.124,0.006,25.98521919,1.64021,0.199869,5.50648,13.2275,33.3115,5.50648
BASICE_2_UNITS,ngcc,PGE_valley,135,"Calpine Gilroy Cogen, LP",10034,37.0001,-121.5367,85,Santa Clara,848.902,0.166,0.004,18.24376781,1.872729,0.122014,4.547334,11.2815,30.5035,4.547334
BDGRCK_1_UNITS,ngct,PGE_valley,47.49,Badger Creek Limited,10650,35.483736,-119.029856,29,Kern,809.167,11.674,0.004,17.38982223,66.220765,0.024496,1.413492,5.6725,6.124,1.413492
BEARMT_1_UNIT,ngct,PGE_valley,47.49,Bear Mountain Limited,10649,35.419181,-118.926643,29,Kern,803.689,11.596,0.004,17.27209444,65.77831,0.024496,1.413492,5.6725,6.124,1.413492
BOGUE_1_UNITA1,ngct,PGE_valley,46.3,Feather River Energy Center,55847,39.109344,-121.60931,101,Sutter,1464.84,0.913,0.007,31.48090221,3.5978591,0.0784665,1.172481,3.9407,11.2095,1.172481
BORDER_6_UNITA1,ngct,SDGE,51.25,CalPeak Power - Border,55510,32.562448,-116.943869,73,San Diego,1291.84,0.123,0.007,27.76295616,1.693956,0.2969155,4.557959,13.772,42.4165,4.557959
BRDWAY_7_UNIT3,ngst,SCE,65,Broadway,420,34.1254,-118.148,37,Los Angeles,1398,0.3,0,30.04444259,13.34145,0,12.63779,44.4715,84.67,12.63779
BUCKBL_2_PL1X3,ngcc,SCE,493.63,Blythe Energy,55295,33.6157,-114.6865,65,Riverside,890.354,0.054,0.004,19.13461347,0.535572,0.139916,2.940709,9.918,34.979,2.940709
CALPIN_1_AGNEW,ngcc,PGE_valley,28,Agnews Power Plant,50748,37.4058,-121.9272,85,Santa Clara,1120.49,2.981,0.031,24.0804703,33.6301515,0.9456085,4.542792,11.2815,30.5035,4.542792
CENTER_6_PEAKER,ngct,SCE,47,Center Generating Station,56475,33.9296,-118.1046,37,Los Angeles,1444.76,0.109,0.007,31.04936257,4.8473935,0.59269,12.63779,44.4715,84.67,12.63779
CENTRY_6_PL1X4,ngct,SCE,41.4,Century Generating Facility,55934,34.0606,-117.3533,71,San Bernardino,1847.79,4.923,0.051,39.71088739,30.340449,0.3872175,1.338059,6.163,7.5925,1.338059
CHALK_1_UNIT,ngct,PGE_valley,47.49,Chalk Cliff Limited,50003,35.0968,-119.4299,29,Kern,841.288,2.214,0.023,18.08013521,12.558915,0.140852,1.413492,5.6725,6.124,1.413492
CHEVCD_6_UNIT,ngct,PGE_valley,11.5,Taft 26C Cogen,52085,35.1133,-119.4706,29,Kern,608.026,1.619,0.017,13.06709746,9.1837775,0.104108,1.413492,5.6725,6.124,1.413492
CHEVCO_6_UNIT_2,ngcc,PGE_valley,12.5,Coalinga 25D Cogen,52086,36.1556,-120.3972,19,Fresno,603.19,1.595,0.016,12.9631669,8.8833525,0.23004,1.25732,5.5695,14.3775,1.25732
CHEVCO_6_UNIT1,ngct,PGE_valley,19,Coalinga 25D Cogen,52086,36.1556,-120.3972,19,Fresno,603.19,1.595,0.016,12.9631669,8.8833525,0.23004,1.25732,5.5695,14.3775,1.25732
CHINO_6_CIMGEN,ngct,SCE,31.6,OLS Energy Chino,50850,33.989626,-117.680911,71,San Bernardino,793.694,2.101,0.022,17.05729171,12.948463,0.167035,1.338059,6.163,7.5925,1.338059
CHWCHL_1_UNIT,ngct,PGE_valley,48.6,Chowchilla II,56185,37.1073,-120.2485,39,Madera,1212.29,28.145,0.033,26.05334571,123.4397483,0.3841365,1.163148,4.38585,11.6405,1.163148
COCOPP_2_CTG1,ngct,PGE_bay,204.2,Marsh Landing Generating Station,57267,38.016944,-121.765,13,Contra Costa,1397.8,0.083,0.007,30.04014439,1.2349155,0.249648,7.069397,14.8785,35.664,7.069397
COCOPP_2_CTG2,ngct,PGE_bay,202.7,Marsh Landing Generating Station,57267,38.016944,-121.765,13,Contra Costa,1397.8,0.083,0.007,30.04014439,1.2349155,0.249648,7.069397,14.8785,35.664,7.069397
COCOPP_2_CTG3,ngct,PGE_bay,208.96,Marsh Landing Generating Station,57267,38.016944,-121.765,13,Contra Costa,1397.8,0.083,0.007,30.04014439,1.2349155,0.249648,7.069397,14.8785,35.664,7.069397
COCOPP_2_CTG4,ngct,PGE_bay,204.29,Marsh Landing Generating Station,57267,38.016944,-121.765,13,Contra Costa,1397.8,0.083,0.007,30.04014439,1.2349155,0.249648,7.069397,14.8785,35.664,7.069397
COLGA1_6_SHELLW,ngct,PGE_valley,52.9,Coalinga Cogeneration Facility,50750,36.170317,-120.364084,19,Fresno,634.565,1.701,0.017,13.63744758,9.4737195,0.2444175,1.25732,5.5695,14.3775,1.25732
COLTON_6_AGUAM1,ngct,SCE,43,Agua Mansa Power,55951,34.0414,-117.3603,71,San Bernardino,1307.45,0.209,0.008,28.09843095,1.288067,0.06074,1.339397,6.163,7.5925,1.339397
COLUSA_2_PL1X3,ngct,PGE_valley,641,Colusa Generating Station,56532,39.3661,-122.27,11,Colusa,858.08,0.033,0.004,18.44101237,0.14220855,0.048442,1.192814,4.30935,12.1105,1.192814
CORONS_6_CLRWTR,ngcc,SCE,28,Clearwater Power Plant,56356,33.8912,-117.6085,65,Riverside,825.417,2.183,0.023,17.73905127,21.650994,0.804517,2.937772,9.918,34.979,2.937772
CROKET_7_UNIT,ngcc,PGE_bay,240,Crockett Cogen Project,55084,38.0569,-122.2161,13,Contra Costa,700.02,1.839,0.019,15.04414213,27.3615615,0.677616,7.062336,14.8785,35.664,7.062336
CSCCOG_1_UNIT_1,ngct,PGE_bay,7,Santa Clara Cogen,7232,37.364297,-121.944238,85,Santa Clara,1060.38,2.81,0.029,22.78864523,31.701015,0.8846015,4.542792,11.2815,30.5035,4.542792
CSCGNR_1_UNIT_1,ngct,PGE_bay,24.75,Gianera,7231,37.401,-121.96867,85,Santa Clara,1709.5,4.531,0.047,36.73889457,51.1164765,1.4336645,4.542792,11.2815,30.5035,4.542792
CSCGNR_1_UNIT_2,ngct,PGE_bay,24.75,Gianera,7231,37.401,-121.96867,85,Santa Clara,1709.5,4.531,0.047,36.73889457,51.1164765,1.4336645,4.542792,11.2815,30.5035,4.542792
DELTA_2_PL1X4,ngcc,PGE_bay,880,"Delta Energy Center, LLC",55333,38.0169,-121.8439,13,Contra Costa,851.165,0.054,0.004,18.29240199,0.803439,0.142656,7.069397,14.8785,35.664,7.069397
DEXZEL_1_UNIT,ngct,PGE_valley,36.8,Western Power & Steam Inc,54410,35.440539,-119.012861,29,Kern,846.22,2.239,0.023,18.1861289,12.7007275,0.140852,1.413492,5.6725,6.124,1.413492
DISCOV_1_CHEVRN,ngct,PGE_valley,56.2,Kern River Eastridge Cogen,52107,35.4406,-118.9617,29,Kern,583.424,1.544,0.016,12.53837545,8.75834,0.097984,1.413492,5.6725,6.124,1.413492
DIVSON_6_NSQF,ngcc,SDGE,47,Naval Station Energy Facility,10811,32.679269,-117.122447,73,San Diego,1217.88,3.187,0.033,26.1734805,43.891364,1.3997445,4.553406,13.772,42.4165,4.553406
DOUBLC_1_UNITS,ngct,PGE_valley,52.23,Double C Generation Limited Partnership,50493,35.5005,-119.046,29,Kern,1209.93,3.185,0.033,26.00262691,18.0669125,0.202092,1.413492,5.6725,6.124,1.413492
DREWS_6_PL1X4,ngct,SCE,41.4,Drews Generating Facility,55935,34.0609,-117.3532,71,San Bernardino,2510.18,6.734,0.069,53.94632253,41.501642,0.5238825,1.338059,6.163,7.5925,1.338059
DUANE_1_PL1X3,ngcc,PGE_bay,147.8,Donald Von Raesfeld,56026,37.3767,-121.9508,85,Santa Clara,944.164,0.049,0.005,20.29104513,0.5527935,0.1525175,4.547334,11.2815,30.5035,4.547334
ELCAJN_6_LM6K,ngct,SDGE,48.1,El Cajon Energy Center,57001,32.796106,-116.972073,73,San Diego,1333.63,0.133,0.007,28.66106579,1.831676,0.2969155,4.557959,13.772,42.4165,4.557959
ELCAJN_6_UNITA1,ngct,SDGE,45.42,Cuyamaca Peak Energy,55512,32.796491,-116.972071,73,San Diego,1328.75,0.128,0.007,28.55618962,1.762816,0.2969155,4.557959,13.772,42.4165,4.557959
ELCAJN_7_GT1,ngct,SDGE,16.36,El Cajon,301,32.7958,-116.9722,73,San Diego,2228.1,0,0,47.88413629,0,0,4.553406,13.772,42.4165,4.553406
ELKHIL_2_PL1X3,ngcc,PGE_valley,551.7,Elk Hills Power,55400,35.280318,-119.470707,29,Kern,666.686,0.03,0.003,14.32776055,0.170175,0.018372,1.414905,5.6725,6.124,1.414905
ELSEGN_2_UN1011,ngcc,SCE,263,El Segundo,330,33.910556,-118.425,37,Los Angeles,1013.95,0.042,0.005,21.79081728,1.867803,0.42335,12.63779,44.4715,84.67,12.63779
ELSEGN_2_UN2021,ngcc,SCE,263.68,El Segundo,330,33.910556,-118.425,37,Los Angeles,1013.95,0.042,0.005,21.79081728,1.867803,0.42335,12.63779,44.4715,84.67,12.63779
ESCNDO_6_PL1X2,ngct,SDGE,48.71,"Escondido Energy Center, LLC",55538,33.1261,-117.1172,73,San Diego,1248.42,0.093,0.006,26.82981618,1.280796,0.254499,4.557959,13.772,42.4165,4.557959
ESCNDO_6_UNITB1,ngct,SDGE,48.04,CalPeak Power - Enterprise,55513,33.121943,-117.117441,73,San Diego,1266.86,0.147,0.007,27.22611054,2.024484,0.2969155,4.557959,13.772,42.4165,4.557959
ESCO_6_GLMQF,ngct,SDGE,49.9,Goal Line,54749,33.1185,-117.0995,73,San Diego,879.319,0.108,0.004,18.8974601,1.487376,0.169666,4.557959,13.772,42.4165,4.557959
ETIWND_2_UNIT1,ngct,SCE,33.6,New-Indy Ontario Mill,10427,34.045361,-117.540193,71,San Bernardino,672.329,1.779,0.018,14.44903436,10.963977,0.136665,1.338059,6.163,7.5925,1.338059
ETIWND_6_GRPLND,ngct,SCE,46,Grapeland Generating Station,56472,34.0903,-117.5343,71,San Bernardino,1523.8,0.178,0.008,32.7480126,1.097014,0.06074,1.339397,6.163,7.5925,1.339397
ETIWND_7_UNIT3,ngst,SCE,320,Etiwanda Generating Station,331,34.09118,-117.52663,71,San Bernardino,2124.81,0.1036343,0.0107279,45.66432908,0.638698191,0.081451581,1.339397,6.163,7.5925,1.339397
ETIWND_7_UNIT4,ngst,SCE,320,Etiwanda Generating Station,331,34.09118,-117.52663,71,San Bernardino,1959.332,0.0915456,0.0098918,42.10803848,0.564195533,0.075103492,1.339397,6.163,7.5925,1.339397
FRITO_1_LAY,ngct,PGE_valley,6,Frito-Lay Cogen Plant,10110,35.395063,-119.321633,29,Kern,823.956,2.207,0.023,17.70765289,12.5192075,0.140852,1.413492,5.6725,6.124,1.413492
GATWAY_2_PL1X3,ngcc,PGE_bay,562.5,Gateway Generating Station,56476,38.0175,-121.7587,13,Contra Costa,874.837,0.047,0.004,18.80113735,0.6992895,0.142656,7.069397,14.8785,35.664,7.069397
GILROY_1_UNIT,ngcc,PGE_bay,120,"Gilroy Energy Center, LLC",55810,36.999,-121.5363,85,Santa Clara,1404.61,0.366,0.007,30.18649822,4.129029,0.2135245,4.547334,11.2815,30.5035,4.547334
GILRPP_1_PL1X2,ngct,PGE_bay,95.4,"Gilroy Energy Center, LLC",55810,36.999,-121.5363,85,Santa Clara,1404.61,0.366,0.007,30.18649822,4.129029,0.2135245,4.547334,11.2815,30.5035,4.547334
GILRPP_1_PL3X4,ngct,PGE_bay,46.2,"Gilroy Energy Center, LLC",55810,36.999,-121.5363,85,Santa Clara,1404.61,0.366,0.007,30.18649822,4.129029,0.2135245,4.547334,11.2815,30.5035,4.547334
GLNARM_7_UNIT1,ngct,SCE,22.07,Glenarm,422,34.126,-118.1494,37,Los Angeles,869.306,0.137,0.004,18.68227054,6.0925955,0.33868,12.63779,44.4715,84.67,12.63779
GLNARM_7_UNIT2,ngct,SCE,22.3,Glenarm,422,34.126,-118.1494,37,Los Angeles,869.306,0.137,0.004,18.68227054,6.0925955,0.33868,12.63779,44.4715,84.67,12.63779
GLNARM_7_UNIT3,ngct,SCE,44.83,Glenarm,422,34.126,-118.1494,37,Los Angeles,869.306,0.137,0.004,18.68227054,6.0925955,0.33868,12.63779,44.4715,84.67,12.63779
GLNARM_7_UNIT4,ngct,SCE,42.42,Glenarm,422,34.126,-118.1494,37,Los Angeles,869.306,0.137,0.004,18.68227054,6.0925955,0.33868,12.63779,44.4715,84.67,12.63779
GOLETA_6_ELLWOD,ngct,SCE,54,Ellwood,8076,34.431419,-119.900055,83,Santa Barbara,1688.83,4.446,0.046,36.29467524,26.402571,0.836119,1.453057,5.9385,18.1765,1.453057
GOLETA_6_EXGEN,ngct,SCE,48.2,ExxonMobil Santa Ynez Facility,50270,34.464819,-120.044365,83,Santa Barbara,1223,3.2,0,26.28351451,19.0032,0,1.453057,5.9385,18.1765,1.453057
GOLETA_6_GAVOTA,ngct,SCE,9.9,Gaviota Oil Plant,50623,34.475067,-120.205107,83,Santa Barbara,891.9,2.3,0,19.16783859,13.65855,0,1.453057,5.9385,18.1765,1.453057
GRNLF1_1_UNITS,ngcc,PGE_valley,49.5,Greenleaf One,10350,39.052922,-121.696072,101,Sutter,808.908,0.758,0.004,17.38425606,2.9870506,0.044838,1.172481,3.9407,11.2095,1.172481
GRNLF2_1_UNIT,ngct,PGE_valley,63.75,Greenleaf One,10350,39.052922,-121.696072,101,Sutter,808.908,0.758,0.004,17.38425606,2.9870506,0.044838,1.172481,3.9407,11.2095,1.172481
GRZZLY_1_BERKLY,ngct,PGE_valley,32.5,PE Berkeley,50849,37.870331,-122.26337,1,Alameda,662.566,1.747,0.018,14.23921756,20.00315,0.501417,4.983456,11.45,27.8565,4.983456
HARBGN_7_UNITS,ngcc,SCE,109.01,Harbor Generating Station,399,33.7706,-118.2656,37,Los Angeles,1729.55,0.416,0.01,37.16978947,18.500144,0.8467,12.63779,44.4715,84.67,12.63779
HENRTA_6_UNITA1,ngct,PGE_valley,49.98,Henrietta Peaker Plant,55807,36.2397,-119.9044,31,Kings,1246.03,0.139,0.007,26.77845265,0.7947325,0.0933275,1.234983,5.7175,13.3325,1.234983
HENRTA_6_UNITA2,ngct,PGE_valley,49.42,Henrietta Peaker Plant,55807,36.2397,-119.9044,31,Kings,1246.03,0.139,0.007,26.77845265,0.7947325,0.0933275,1.234983,5.7175,13.3325,1.234983
HIDSRT_2_UNITS,ngcc,SCE,830,High Desert Power Project,55518,34.5953,-117.3647,71,San Bernardino,889.743,0.064,0.004,19.12148246,0.394432,0.03037,1.339397,6.163,7.5925,1.339397
HINSON_6_LBECH1,ngct,SCE,65,Long Beach Generating Station,341,33.7641,-118.2248,37,Los Angeles,2101.41,0.57,0.011,45.16143927,25.348755,0.93137,12.63779,44.4715,84.67,12.63779
HINSON_6_LBECH2,ngct,SCE,65,Long Beach Generating Station,341,33.7641,-118.2248,37,Los Angeles,2101.41,0.57,0.011,45.16143927,25.348755,0.93137,12.63779,44.4715,84.67,12.63779
HINSON_6_LBECH3,ngct,SCE,65,Long Beach Generating Station,341,33.7641,-118.2248,37,Los Angeles,2101.41,0.57,0.011,45.16143927,25.348755,0.93137,12.63779,44.4715,84.67,12.63779
HINSON_6_LBECH4,ngct,SCE,65,Long Beach Generating Station,341,33.7641,-118.2248,37,Los Angeles,2101.41,0.57,0.011,45.16143927,25.348755,0.93137,12.63779,44.4715,84.67,12.63779
HNTGBH_7_UNIT1,ngst,SCE,225.75,AES Huntington Beach,335,33.6439,-117.9792,59,Orange,1399.57,0.161,0.007,30.07818349,2.1296275,0.2331805,5.50648,13.2275,33.3115,5.50648
HNTGBH_7_UNIT2,ngst,SCE,225.8,AES Huntington Beach,335,33.6439,-117.9792,59,Orange,1399.57,0.161,0.007,30.07818349,2.1296275,0.2331805,5.50648,13.2275,33.3115,5.50648
HOLGAT_1_BORAX,ngct,SCE,48.2,US Borax,50115,35.0329,-117.701,29,Kern,630.565,1.664,0.017,13.55148351,9.43904,0.104108,1.413492,5.6725,6.124,1.413492
HUMBPP_1_UNITS3,ngct,PGE_valley,65.08,Humboldt Bay,246,40.7415,-124.2103,23,Humboldt,1027.01,23.255,0.028,22.07148997,34.329031,0.106799,0.247253,1.4762,3.81425,0.247253
HUMBPP_6_UNITS,ngct,PGE_valley,97.62,Humboldt Bay,246,40.7415,-124.2103,23,Humboldt,1027.01,23.255,0.028,22.07148997,34.329031,0.106799,0.247253,1.4762,3.81425,0.247253
INDIGO_1_UNIT1,ngct,SCE,44,Indigo Generation Facility,55541,33.910873,-116.552994,65,Riverside,1274.93,0.237,0.007,27.39954306,2.350566,0.244853,2.940709,9.918,34.979,2.940709
INDIGO_1_UNIT2,ngct,SCE,44.53,Indigo Generation Facility,55541,33.910873,-116.552994,65,Riverside,1274.93,0.237,0.007,27.39954306,2.350566,0.244853,2.940709,9.918,34.979,2.940709
INDIGO_1_UNIT3,ngct,SCE,43.69,Indigo Generation Facility,55541,33.910873,-116.552994,65,Riverside,1274.93,0.237,0.007,27.39954306,2.350566,0.244853,2.940709,9.918,34.979,2.940709
INLDEM_5_UNIT1,ngcc,SCE,376.2,Inland Empire Energy Center,55853,33.738839,-117.170369,65,Riverside,864.59,0.045,0.004,18.5809189,0.44631,0.139916,2.940709,9.918,34.979,2.940709
INLDEM_5_UNIT2,ngcc,SCE,366.32,Inland Empire Energy Center,55853,33.738839,-117.170369,65,Riverside,864.59,0.045,0.004,18.5809189,0.44631,0.139916,2.940709,9.918,34.979,2.940709
KELSO_2_UNITS,ngct,PGE_bay,196,Mariposa Energy Project,57483,37.789167,-121.601944,1,Alameda,1281.88,0.134,0.007,27.54890563,1.5343,0.1949955,4.988439,11.45,27.8565,4.988439
KERNFT_1_UNITS,ngct,PGE_valley,52.4,Kern Front Limited,50494,35.51647,-119.040128,29,Kern,1217.49,3.205,0.033,26.165099,18.1803625,0.202092,1.413492,5.6725,6.124,1.413492
KERNRG_1_UNITS,ngct,PGE_valley,55.2,South Belridge Cogeneration Facility,50752,35.438611,-119.7075,29,Kern,678.564,1.804,0.019,14.58303086,10.23319,0.116356,1.413492,5.6725,6.124,1.413492
KINGCO_1_KINGBR,ngct,PGE_valley,34.5,Kingsburg Cogen Facility,10405,36.5397,-119.5794,19,Fresno,1165.39,0.188,0.007,25.04541699,1.047066,0.1006425,1.258577,5.5695,14.3775,1.258577
KNGCTY_6_UNITA1,ngct,PGE_valley,44.6,King City Power Plant,10294,36.225,-121.1278,53,Monterey,27.643,0.003,0,0.594076199,0.01378485,0,1.018351,4.59495,12.625,1.018351
LAPLMA_2_UNIT1,ngcc,PGE_valley,259.8,La Paloma Generating Plant,55151,35.2956,-119.5919,29,Kern,895.003,0.059,0.005,19.23452522,0.3346775,0.03062,1.414905,5.6725,6.124,1.414905
LAPLMA_2_UNIT2,ngcc,PGE_valley,260.2,La Paloma Generating Plant,55151,35.2956,-119.5919,29,Kern,895.003,0.059,0.005,19.23452522,0.3346775,0.03062,1.414905,5.6725,6.124,1.414905
LAPLMA_2_UNIT3,ngcc,PGE_valley,256.15,La Paloma Generating Plant,55151,35.2956,-119.5919,29,Kern,895.003,0.059,0.005,19.23452522,0.3346775,0.03062,1.414905,5.6725,6.124,1.414905
LAPLMA_2_UNIT4,ngcc,PGE_valley,259.54,La Paloma Generating Plant,55151,35.2956,-119.5919,29,Kern,895.003,0.059,0.005,19.23452522,0.3346775,0.03062,1.414905,5.6725,6.124,1.414905
LARKSP_6_UNIT1,ngct,SDGE,46.1,Larkspur Energy Faciity,55542,32.567041,-116.944197,73,San Diego,1229.52,0.191,0.006,26.42363595,2.630452,0.254499,4.557959,13.772,42.4165,4.557959
LARKSP_6_UNIT2,ngct,SDGE,47.98,Larkspur Energy Faciity,55542,32.567041,-116.944197,73,San Diego,1229.52,0.191,0.006,26.42363595,2.630452,0.254499,4.557959,13.772,42.4165,4.557959
LEBECS_2_UNITS,ngcc,SCE,799.47,Pastoria Energy Facility,55656,34.9556,-118.844,29,Kern,851.502,0.045,0.004,18.29964446,0.2552625,0.024496,1.414905,5.6725,6.124,1.414905
LECEF_1_UNITS,ngct,PGE_bay,294,Los Esteros Critical Energy Facility,55748,37.425,-121.9319,85,Santa Clara,998.641,0.05,0.005,21.4618113,0.564075,0.1525175,4.547334,11.2815,30.5035,4.547334
LGHTHP_6_ICEGEN,ngct,SCE,48,Carson Cogeneration Company,10169,33.8759,-118.2491,37,Los Angeles,1081.572,5.74304,0.0054619,23.24408288,255.4016034,0.462459073,12.63779,44.4715,84.67,12.63779
LMBEPK_2_UNITA1,ngct,PGE_valley,48,Lambie Energy Center,55626,38.221577,-121.868333,95,Solano,1449.06,0.239,0.008,31.14177395,2.634019,0.205816,4.476259,11.021,25.727,4.476259
LMBEPK_2_UNITA2,ngct,PGE_bay,48,Creed Energy Center,55625,38.242158,-121.854722,95,Solano,1528.05,0.248,0.008,32.83934943,2.733208,0.205816,4.476259,11.021,25.727,4.476259
LMBEPK_2_UNITA3,ngct,PGE_bay,48,Goose Haven Energy Center,55627,38.226752,-121.843271,95,Solano,1440.3,0.246,0.008,30.95351263,2.711166,0.205816,4.476259,11.021,25.727,4.476259
LMEC_1_PL1X3,ngcc,PGE_bay,561.29,"Los Medanos Energy Center, LLC",55217,38.030071,-121.873004,13,Contra Costa,786.743,0.047,0.004,16.90790765,0.6992895,0.142656,7.069397,14.8785,35.664,7.069397
LODI25_2_UNIT1,ngct,PGE_valley,25.3,Lodi,7451,38.146571,-121.300541,77,San Joaquin,1881.77,4.958,0.051,40.44115217,61.144535,1.2335625,3.378912,12.3325,24.1875,3.378912
LODIEC_2_PL1X2,ngcc,PGE_valley,302.58,Lodi Energy Center,57978,38.088056,-121.3875,77,San Joaquin,843.476,0.042,0.004,18.12715755,0.517965,0.09675,3.38229,12.3325,24.1875,3.38229
MALAGA_1_PL1X2,ngcc,PGE_valley,96,Malaga Power,56239,36.6697,-119.7404,19,Fresno,1250.12,0.168,0.007,26.86635091,0.935676,0.1006425,1.258577,5.5695,14.3775,1.258577
METEC_2_PL1X3,ngcc,PGE_bay,593.16,Metcalf Energy Center,55393,37.2207,-121.7457,85,Santa Clara,872.505,0.055,0.004,18.7510203,0.6204825,0.122014,4.547334,11.2815,30.5035,4.547334
MIDSET_1_UNIT1,ngct,PGE_valley,52.9,Mid-Set Cogeneration,10501,35.19456,-119.57097,29,Kern,1059.5,2.8,0,22.76973314,15.883,0,1.413492,5.6725,6.124,1.413492
MIRLOM_6_DELGEN,ngct,SCE,50.05,"Corona Energy Partners, Ltd",10635,33.8827,-117.5565,65,Riverside,1169,3.2,0,25.12299956,31.7376,0,2.937772,9.918,34.979,2.937772
MIRLOM_6_PEAKER,ngct,SCE,46,Mira Loma Generating Station,56473,34.0053,-117.5604,71,San Bernardino,1209.56,0.148,0.006,25.99467524,0.912124,0.045555,1.339397,6.163,7.5925,1.339397
MKTRCK_1_UNIT1,ngct,PGE_valley,47.49,McKittrick Limited,50612,35.319503,-119.661992,29,Kern,732.773,10.573,0.003,15.74803743,59.9753425,0.018372,1.413492,5.6725,6.124,1.413492
MNDALY_6_MCGRTH,ngct,SCE,47.2,McGrath Generating Station,56471,34.205556,-119.246944,111,Ventura,1192.46,0.116,0.006,25.62717883,0.75951,0.111879,2.061651,6.5475,18.6465,2.061651
MNDALY_7_UNIT1,ngst,SCE,215,Mandalay Generating Station,345,34.2067,-119.2511,111,Ventura,1340.667,0.0311381,0.0067688,28.81229808,0.20387671,0.126214429,2.061651,6.5475,18.6465,2.061651
MNDALY_7_UNIT2,ngst,SCE,215.29,Mandalay Generating Station,345,34.2067,-119.2511,111,Ventura,1306.09,0.0360369,0.0065946,28.06920316,0.235951603,0.122966209,2.061651,6.5475,18.6465,2.061651
MNDALY_7_UNIT3,ngct,SCE,130,Mandalay Generating Station,345,34.2067,-119.2511,111,Ventura,1323.3785,0.0335875,0.0066817,28.44075062,0.219914156,0.124590319,2.061651,6.5475,18.6465,2.061651
MOSSLD_2_PSP1,ngcc,PGE_valley,510,Moss Landing,260,36.804837,-121.782241,53,Monterey,821.061,0.06,0.004,17.64543639,0.275697,0.0505,0.3967329,4.59495,12.625,0.3967329
MOSSLD_7_UNIT6,ngst,PGE_valley,754,Moss Landing,260,36.804837,-121.782241,53,Monterey,821.061,0.06,0.004,17.64543639,0.275697,0.0505,0.3967329,4.59495,12.625,0.3967329
MOSSLD_7_UNIT7,ngst,PGE_valley,755,Moss Landing,260,36.804837,-121.782241,53,Monterey,821.061,0.06,0.004,17.64543639,0.275697,0.0505,0.3967329,4.59495,12.625,0.3967329
MRCHNT_2_PL1X3,ngcc,SCE,494.58,Desert Star Energy Center,55077,35.788889,-114.994167,3,Clark,904.993,0.099,0.005,19.44922048,0.42437835,0.032175,1.154932,4.28665,6.435,1.154932
MRGT_6_MMAREF,ngct,SDGE,48,Miramar Energy Facility,56232,32.8769,-117.166389,73,San Diego,1200.2,0.191,0.006,25.79351931,2.630452,0.254499,4.557959,13.772,42.4165,4.557959
NIMTG_6_NIQF,ngct,SDGE,42.7,North Island,10812,32.70516,-117.189665,73,San Diego,1188.83,3.111,0.033,25.54916644,42.844692,1.3997445,4.557959,13.772,42.4165,4.557959
OAK_C_7_UNIT_1,oil,PGE_bay,55,Dynegy Oakland Power Plant,6211,37.79675,-122.28185,1,Alameda,2709.68,15.234,0.009,58.23378054,174.4293,0.2507085,4.983456,11.45,27.8565,4.983456
OAK_C_7_UNIT_2,oil,PGE_bay,55,Dynegy Oakland Power Plant,6211,37.79675,-122.28185,1,Alameda,2709.68,15.234,0.009,58.23378054,174.4293,0.2507085,4.983456,11.45,27.8565,4.983456
OAK_C_7_UNIT_3,oil,PGE_bay,55,Dynegy Oakland Power Plant,6211,37.79675,-122.28185,1,Alameda,2709.68,15.234,0.009,58.23378054,174.4293,0.2507085,4.983456,11.45,27.8565,4.983456
OGROVE_6_PL1X2,ngct,SDGE,96,Orange Grove Project,56914,33.3594,-117.1114,73,San Diego,1324.64,0.126,0.007,28.46786154,1.735272,0.2969155,4.557959,13.772,42.4165,4.557959
OILDAL_1_UNIT1,ngct,PGE_valley,40,Oroville Cogeneration LP,54477,39.492,-121.5628,7,Butte,642.209,14.772,0.018,13.80172491,41.8357812,0.15813,0.7672092,2.8321,8.785,0.7672092
OMAR_2_UNIT1,ngct,SCE,78,Kern River Cogeneration,10496,35.4515,-118.9849,29,Kern,679.649,1.806,0.019,14.60634861,10.244535,0.116356,1.413492,5.6725,6.124,1.413492
OMAR_2_UNIT2,ngct,SCE,78.11,Kern River Cogeneration,10496,35.4515,-118.9849,29,Kern,679.649,1.806,0.019,14.60634861,10.244535,0.116356,1.413492,5.6725,6.124,1.413492
OMAR_2_UNIT3,ngct,SCE,81.41,Kern River Cogeneration,10496,35.4515,-118.9849,29,Kern,679.649,1.806,0.019,14.60634861,10.244535,0.116356,1.413492,5.6725,6.124,1.413492
OMAR_2_UNIT4,ngct,SCE,81.44,Kern River Cogeneration,10496,35.4515,-118.9849,29,Kern,679.649,1.806,0.019,14.60634861,10.244535,0.116356,1.413492,5.6725,6.124,1.413492
ORMOND_7_UNIT1,ngst,SCE,741.27,Ormond Beach Generating Station,350,34.1292,-119.1689,111,Ventura,1386.52,0.09,0.007,29.79772571,0.589275,0.1305255,2.061651,6.5475,18.6465,2.061651
ORMOND_7_UNIT2,ngst,SCE,775,Ormond Beach Generating Station,350,34.1292,-119.1689,111,Ventura,1386.52,0.09,0.007,29.79772571,0.589275,0.1305255,2.061651,6.5475,18.6465,2.061651
OROVIL_6_UNIT,ngct,PGE_valley,7.5,Oroville Cogeneration LP,54477,39.492,-121.5628,7,Butte,642.209,14.772,0.018,13.80172491,41.8357812,0.15813,0.7672092,2.8321,8.785,0.7672092
OTAY_6_PL1X2,ngct,SDGE,35.5,Chula Vista Energy Center,55540,32.591667,-117.058611,73,San Diego,2319.94,0.274,0.013,49.85787135,3.773528,0.5514145,4.557959,13.772,42.4165,4.557959
OTMESA_2_PL1X3,ngcc,SDGE,603.68,"Otay Mesa Energy Center, LLC",55345,32.581481,-116.914969,73,San Diego,899.2,0.074,0.005,19.32472302,1.019128,0.2120825,4.557959,13.772,42.4165,4.557959
PALOMR_2_PL1X3,ngcc,SDGE,575,Palomar Energy Center,55985,33.1197,-117.117778,73,San Diego,859.439,0.047,0.004,18.47021867,0.647284,0.169666,4.557959,13.772,42.4165,4.557959
PIOPIC_2_CTG1,ngct,SDGE,106,Pio Pico Energy Center LLC,57555,32.573889,-116.917777,73,San Diego,1182.32,0.125,0.006,25.40925992,1.7215,0.254499,4.557959,13.772,42.4165,4.557959
PIOPIC_2_CTG2,ngct,SDGE,106,Pio Pico Energy Center LLC,57555,32.573889,-116.917777,73,San Diego,1182.32,0.125,0.006,25.40925992,1.7215,0.254499,4.557959,13.772,42.4165,4.557959
PIOPIC_2_CTG3,ngct,SDGE,106,Pio Pico Energy Center LLC,57555,32.573889,-116.917777,73,San Diego,1182.32,0.125,0.006,25.40925992,1.7215,0.254499,4.557959,13.772,42.4165,4.557959
PITTSP_7_UNIT_5,ngst,PGE_bay,312,Pittsburg Generating Station (CA),271,,,,,1680.2,0.2,0,36.10920775,2.9757,0,7.069397,14.8785,35.664,7.069397
PITTSP_7_UNIT_6,ngst,PGE_bay,317,Pittsburg Generating Station (CA),271,,,,,1680.2,0.2,0,36.10920775,2.9757,0,7.069397,14.8785,35.664,7.069397
PITTSP_7_UNIT_7,ngst,PGE_bay,530,Pittsburg Generating Station (CA),271,,,,,1680.2,0.2,0,36.10920775,2.9757,0,7.069397,14.8785,35.664,7.069397
PLMSSR_6_HISIER,ngct,PGE_valley,6,High Sierra Cogeneration Plant,57977,40.4128,-120.4774,35,Lassen,734.865,16.653,0.02,15.79299664,82.5722352,0.17085,0.8178269,4.9584,8.5425,0.8178269
PNCHEG_2_PL1X4,ngct,PGE_valley,401,Panoche Energy Center,56803,36.6514,-120.5833,19,Fresno,1112.41,0.103,0.006,23.90682288,0.5736585,0.086265,1.258577,5.5695,14.3775,1.258577
PNCHPP_1_PL1X2,ngct,PGE_valley,119.91,Midway Peaking,56639,36.654114,-120.579727,19,Fresno,1348.99,0.212,0.007,28.99116782,1.180734,0.1006425,1.258577,5.5695,14.3775,1.258577
PNOCHE_1_UNITA1,ngct,PGE_valley,52.01,CalPeak Power - Panoche,55508,36.6535,-120.5783,19,Fresno,714.632,0.064,0.004,15.35816888,0.356448,0.05751,1.258577,5.5695,14.3775,1.258577
PTLOMA_6_NTCQF,ngct,SDGE,22.3,NTC/MCRD Energy Facility,10810,32.7353,-117.2083,73,San Diego,1218.88,3.19,0.033,26.19497152,43.93268,1.3997445,4.553406,13.772,42.4165,4.553406
REDBLF_6_UNIT,ngct,PGE_valley,44,Red Bluff,56184,40.1501,-122.2124,103,Tehama,1207.21,28.027,0.033,25.94417134,70.768175,0.22803,0.5143398,2.525,6.91,0.5143398
REDOND_7_UNIT5,ngst,SCE,178.87,AES Redondo Beach,356,33.8504,-118.395,37,Los Angeles,1557.28,0.089,0.008,33.46753187,3.9579635,0.67736,12.63779,44.4715,84.67,12.63779
REDOND_7_UNIT6,ngst,SCE,175,AES Redondo Beach,356,33.8504,-118.395,37,Los Angeles,1557.28,0.089,0.008,33.46753187,3.9579635,0.67736,12.63779,44.4715,84.67,12.63779
REDOND_7_UNIT7,ngst,SCE,505.96,AES Redondo Beach,356,33.8504,-118.395,37,Los Angeles,1557.28,0.089,0.008,33.46753187,3.9579635,0.67736,12.63779,44.4715,84.67,12.63779
REDOND_7_UNIT8,ngst,SCE,495.9,AES Redondo Beach,356,33.8504,-118.395,37,Los Angeles,1557.28,0.089,0.008,33.46753187,3.9579635,0.67736,12.63779,44.4715,84.67,12.63779
RUSCTY_2_UNITS,ngcc,PGE_bay,620,Russell City Energy Company LLC,56467,37.63466,-122.13381,1,Alameda,870.829,0.055,0.004,18.71500136,0.62975,0.111426,4.988439,11.45,27.8565,4.988439
RVRVEW_1_UNITA1,ngct,PGE_bay,48.7,Riverview Energy Center,55963,38.014423,-121.790679,13,Contra Costa,1372.37,0.222,0.007,29.49362781,3.303027,0.249648,7.069397,14.8785,35.664,7.069397
RVSIDE_2_RERCU3,ngct,SCE,49,Riverside Energy Resource Center,56143,33.9636,-117.4528,65,Riverside,1295.24,0.112,0.007,27.83602562,1.110816,0.244853,2.940709,9.918,34.979,2.940709
RVSIDE_2_RERCU4,ngct,SCE,49,Riverside Energy Resource Center,56143,33.9636,-117.4528,65,Riverside,1295.24,0.112,0.007,27.83602562,1.110816,0.244853,2.940709,9.918,34.979,2.940709
RVSIDE_6_RERCU1,ngct,SCE,48.35,Riverside Energy Resource Center,56143,33.9636,-117.4528,65,Riverside,1295.24,0.112,0.007,27.83602562,1.110816,0.244853,2.940709,9.918,34.979,2.940709
RVSIDE_6_RERCU2,ngct,SCE,48.5,Riverside Energy Resource Center,56143,33.9636,-117.4528,65,Riverside,1295.24,0.112,0.007,27.83602562,1.110816,0.244853,2.940709,9.918,34.979,2.940709
RVSIDE_6_SPRING,ngct,SCE,36,Springs Generating Station,56144,33.9308,-117.2933,65,Riverside,1641.22,4.318,0.045,35.27148789,42.825924,1.574055,2.937772,9.918,34.979,2.937772
SALIRV_2_UNIT,ngct,PGE_valley,57,Salinas River Cogeneration Facility,50865,35.9515,-120.8679,53,Monterey,776.557,0.065,0.004,16.68900015,0.29867175,0.0505,1.018351,4.59495,12.625,1.018351
SAMPSN_6_KELCO1,ngct,SDGE,25,C P Kelco San Diego Plant,52147,32.6947,-117.1436,73,San Diego,658.665,1.768,0.018,14.1553811,24.348896,0.763497,4.553406,13.772,42.4165,4.553406
SARGNT_2_UNIT,ngct,PGE_valley,57.1,Sargent Canyon Cogen Facility,50864,35.9359,-120.8408,53,Monterey,1062.1,0.1,0,22.82560978,0.459495,0,1.018351,4.59495,12.625,1.018351
SAUGUS_6_PTCHGN,ngcc,SCE,29.8,Pitchess Cogen Station,10478,34.463896,-118.593991,37,Los Angeles,1130.1,2.994,0.031,24.28699898,133.147671,2.62477,12.62517,44.4715,84.67,12.62517
SBERDO_2_PSP3,ngcc,SCE,525,Mountainview Generating Station,358,34.0818,-117.2418,71,San Bernardino,864.292,0.092,0.004,18.57451457,0.566996,0.03037,1.339397,6.163,7.5925,1.339397
SBERDO_2_PSP4,ngcc,SCE,525,Mountainview Generating Station,358,34.0818,-117.2418,71,San Bernardino,864.292,0.092,0.004,18.57451457,0.566996,0.03037,1.339397,6.163,7.5925,1.339397
SCHLTE_1_PL1X3,ngcc,PGE_valley,332.28,Tracy Combined Cycle Power Plant,55933,37.7107,-121.4906,77,San Joaquin,985.874,0.076,0.005,21.18743547,0.93727,0.1209375,3.38229,12.3325,24.1875,3.38229
SENTNL_2_CTG1,ngct,SCE,92.09,"Sentinel Energy Center, LLC",57482,33.934167,-116.571388,65,Riverside,1218.58,0.106,0.006,26.18852421,1.051308,0.209874,2.940709,9.918,34.979,2.940709
SENTNL_2_CTG2,ngct,SCE,92.4,"Sentinel Energy Center, LLC",57482,33.934167,-116.571388,65,Riverside,1218.58,0.106,0.006,26.18852421,1.051308,0.209874,2.940709,9.918,34.979,2.940709
SENTNL_2_CTG3,ngct,SCE,92.36,"Sentinel Energy Center, LLC",57482,33.934167,-116.571388,65,Riverside,1218.58,0.106,0.006,26.18852421,1.051308,0.209874,2.940709,9.918,34.979,2.940709
SENTNL_2_CTG4,ngct,SCE,91.98,"Sentinel Energy Center, LLC",57482,33.934167,-116.571388,65,Riverside,1218.58,0.106,0.006,26.18852421,1.051308,0.209874,2.940709,9.918,34.979,2.940709
SENTNL_2_CTG5,ngct,SCE,91.83,"Sentinel Energy Center, LLC",57482,33.934167,-116.571388,65,Riverside,1218.58,0.106,0.006,26.18852421,1.051308,0.209874,2.940709,9.918,34.979,2.940709
SENTNL_2_CTG6,ngct,SCE,92.16,"Sentinel Energy Center, LLC",57482,33.934167,-116.571388,65,Riverside,1218.58,0.106,0.006,26.18852421,1.051308,0.209874,2.940709,9.918,34.979,2.940709
SENTNL_2_CTG7,ngct,SCE,91.84,"Sentinel Energy Center, LLC",57482,33.934167,-116.571388,65,Riverside,1218.58,0.106,0.006,26.18852421,1.051308,0.209874,2.940709,9.918,34.979,2.940709
SENTNL_2_CTG8,ngct,SCE,91.56,"Sentinel Energy Center, LLC",57482,33.934167,-116.571388,65,Riverside,1218.58,0.106,0.006,26.18852421,1.051308,0.209874,2.940709,9.918,34.979,2.940709
SGREGY_6_SANGER,ngct,PGE_valley,48.3,Algonquin Power Sanger,57564,36.6842,-119.5522,19,Fresno,852.395,0.11,0.004,18.31883594,0.612645,0.05751,1.258577,5.5695,14.3775,1.258577
SHELRF_1_UNITS,ngcc,PGE_bay,100,Martinez Refining,54912,38.0169,-122.1117,13,Contra Costa,716.905,1.437,0.016,15.40701796,21.3804045,0.570624,7.062336,14.8785,35.664,7.062336
SIERRA_1_UNITS,ngct,PGE_valley,52.43,High Sierra Limited,50495,35.509041,-119.030546,29,Kern,1072.78,2.824,0.029,23.05513385,16.01914,0.177596,1.413492,5.6725,6.124,1.413492
SMPRIP_1_SMPSON,ngct,PGE_valley,46.05,Ripon Generation Station,56135,37.7315,-121.116,77,San Joaquin,1361.41,0.121,0.006,29.25808626,1.4922325,0.145125,3.38229,12.3325,24.1875,3.38229
SNCLRA_2_HOWLNG,ngct,SCE,13,Houweling Nurseries,58432,34.179722,-119.083056,111,Ventura,1081.15,24.784,0.03,23.23501367,162.27324,0.559395,2.059592,6.5475,18.6465,2.059592
SNCLRA_6_OXGEN,ngct,SCE,48.9,E F Oxnard Energy Facility,10776,34.1958,-119.1664,111,Ventura,884.147,2.348,0.024,19.00121873,15.37353,0.447516,2.059592,6.5475,18.6465,2.059592
SRINTL_6_UNIT,ngct,PGE_bay,6.9,SRI International Cogen Project,50537,37.455314,-122.172797,81,San Mateo,696.762,1.844,0.019,14.9741244,15.283994,0.4126325,3.549797,8.2885,21.7175,3.549797
STIGCT_2_LODI,ngct,PGE_valley,49.9,Lodi Energy Center,57978,38.088056,-121.3875,77,San Joaquin,843.476,0.042,0.004,18.12715755,0.517965,0.09675,3.38229,12.3325,24.1875,3.38229
SUNRIS_2_PL1X3,ngcc,PGE_valley,586.02,Sunrise Power Company,55182,35.2097,-119.585,29,Kern,831.816,0.038,0.004,17.87657229,0.215555,0.024496,1.414905,5.6725,6.124,1.414905
SUNSET_2_UNITS,ngct,PGE_valley,248,Midway Sunset Cogen,52169,35.2269,-119.6294,29,Kern,598.754,1.584,0.016,12.86783275,8.98524,0.097984,1.413492,5.6725,6.124,1.413492
SYCAMR_2_UNIT1,ngct,SCE,85,Sycamore Cogeneration,50134,35.452577,-118.985313,29,Kern,701.62,1.865,0.019,15.07852776,10.5792125,0.116356,1.413492,5.6725,6.124,1.413492
SYCAMR_2_UNIT2,ngct,SCE,85,Sycamore Cogeneration,50134,35.452577,-118.985313,29,Kern,701.62,1.865,0.019,15.07852776,10.5792125,0.116356,1.413492,5.6725,6.124,1.413492
SYCAMR_2_UNIT3,ngct,SCE,85,Sycamore Cogeneration,50134,35.452577,-118.985313,29,Kern,701.62,1.865,0.019,15.07852776,10.5792125,0.116356,1.413492,5.6725,6.124,1.413492
SYCAMR_2_UNIT4,ngct,SCE,85,Sycamore Cogeneration,50134,35.452577,-118.985313,29,Kern,701.62,1.865,0.019,15.07852776,10.5792125,0.116356,1.413492,5.6725,6.124,1.413492
TANHIL_6_SOLART,ngct,PGE_valley,17,Berry Cogen Tanne Hills 18,50622,35.089829,-119.440881,29,Kern,763.162,2.019,0.021,16.40112797,11.4527775,0.128604,1.413492,5.6725,6.124,1.413492
TENGEN_2_PL1X2,ngct,SCE,40.2,Berry Placerita Cogen,52096,34.38407,-118.494882,37,Los Angeles,655.058,1.733,0.018,14.077863,77.0691095,1.52406,12.62517,44.4715,84.67,12.62517
TIDWTR_2_UNITS,ngcc,PGE_bay,114.8,Foster Wheeler Martinez,10342,38.0244,-122.0589,13,Contra Costa,692.907,1.825,0.019,14.89127652,27.1532625,0.677616,7.062336,14.8785,35.664,7.062336
TXMCKT_6_UNIT,ngct,PGE_valley,11.2,McKittrick Cogen,52076,35.3161,-119.6597,29,Kern,1345.45,3.559,0.037,28.91508962,20.1884275,0.226588,1.413492,5.6725,6.124,1.413492
UNOCAL_1_UNITS,ngct,PGE_bay,57.3,Phillips 66 Rodeo Refinery,50119,38.0417,-122.2583,13,Contra Costa,625.391,0.806,0.002,13.44028898,11.992071,0.071328,7.062336,14.8785,35.664,7.062336
UNVRSY_1_UNIT1,ngct,PGE_valley,38,Berry Cogen,50170,35.093046,-119.443617,29,Kern,634.85,1.68,0.017,13.64357252,9.5298,0.104108,1.413492,5.6725,6.124,1.413492
VACADX_1_UNITA1,ngct,PGE_valley,50.61,CalPeak Power - Vaca Dixon,55499,38.398867,-121.923973,95,Solano,1264.6,0.111,0.007,27.17754084,1.223331,0.180089,4.476259,11.021,25.727,4.476259
VERNON_6_GONZL1,ngct,SCE,5.75,H. Gonzales,56039,33.9986,-118.2219,37,Los Angeles,1612.6,4.269,0.044,34.65641496,189.8488335,3.72548,12.62517,44.4715,84.67,12.62517
VERNON_6_GONZL2,ngct,SCE,5.75,H. Gonzales,56039,33.9986,-118.2219,37,Los Angeles,1612.6,4.269,0.044,34.65641496,189.8488335,3.72548,12.62517,44.4715,84.67,12.62517
VERNON_6_MALBRG,ngcc,SCE,134,Malburg Generating Station,56041,33.9986,-118.2219,37,Los Angeles,985.457,0.066,0.005,21.17847372,2.935119,0.42335,12.63779,44.4715,84.67,12.63779
VESTAL_2_WELLHD,ngct,SCE,49,"Delano Energy Center, LLC",58122,35.790864,-119.294469,107,Tulare,1446.86,0.114,0.007,31.09449371,0.4185624,0.03432205,0.7742778,3.6716,4.90315,0.7742778
WALCRK_2_CTG1,ngct,SCE,96.43,Walnut Creek Energy Park,57515,34.008709,-117.944864,37,Los Angeles,1170.93,0.11,0.006,25.16447723,4.891865,0.50802,12.63779,44.4715,84.67,12.63779
WALCRK_2_CTG2,ngct,SCE,96.91,Walnut Creek Energy Park,57515,34.008709,-117.944864,37,Los Angeles,1170.93,0.11,0.006,25.16447723,4.891865,0.50802,12.63779,44.4715,84.67,12.63779
WALCRK_2_CTG3,ngct,SCE,96.65,Walnut Creek Energy Park,57515,34.008709,-117.944864,37,Los Angeles,1170.93,0.11,0.006,25.16447723,4.891865,0.50802,12.63779,44.4715,84.67,12.63779
WALCRK_2_CTG4,ngct,SCE,96.49,Walnut Creek Energy Park,57515,34.008709,-117.944864,37,Los Angeles,1170.93,0.11,0.006,25.16447723,4.891865,0.50802,12.63779,44.4715,84.67,12.63779
WALCRK_2_CTG5,ngct,SCE,96.65,Walnut Creek Energy Park,57515,34.008709,-117.944864,37,Los Angeles,1170.93,0.11,0.006,25.16447723,4.891865,0.50802,12.63779,44.4715,84.67,12.63779
WOLFSK_1_UNITA1,ngct,PGE_valley,46.9,Wolfskill Energy Center,55855,38.228522,-122.07525,95,Solano,1429.55,0.196,0.006,30.72248419,2.160116,0.154362,4.476259,11.021,25.727,4.476259
YUBACT_1_SUNSWT,ngct,PGE_valley,49.97,Yuba City Cogen Partners,52186,39.13667,-121.639846,101,Sutter,883.181,2.428,0.024,18.98045841,9.5680196,0.269028,1.17131,3.9407,11.2095,1.17131
YUBACT_6_UNITA1,ngct,PGE_valley,46,Yuba City Energy Center,10349,39.1365,-121.6397,101,Sutter,143.2,0.102,0.001,3.077513719,0.4019514,0.0112095,1.172481,3.9407,11.2095,1.172481
